,GBM18,GBM20,GBM22,GBM25,A4,GBM33,GBM41,GBM47
C5orf31,3.42141766672427,3.32498170308737,3.26350398511451,3.42451461704256,3.45063425833435,3.29382643838618,3.37983686331517,3.30481440444799
MLL,3.52252117376086,3.6258217792612,3.14225458860492,3.41921665419064,3.82312437037469,3.34319976712003,3.50558256440078,3.64416019726465
FOLR1,3.67327467855699,3.64160428018506,3.56668562324575,3.53704725366845,3.81758163050993,3.24865190372701,3.82204948246912,3.57308126704599
NDUFS1,3.59631322716318,3.53021660845545,3.544886847723,3.36045443224067,3.72604810340217,3.53531729023814,3.67888004942413,3.48099075590785
ATAD1,3.78174546831825,3.72044179245571,3.93484362864613,3.89422714508211,4.20748722621962,3.70206183285757,3.92742754651448,4.00496580123544
GLUD1,4.05300349239323,3.88960425831788,3.84444710338419,3.95152222469316,4.33904581767068,3.99182551997835,3.9082341279556,4.28933746604281
OSBP,3.58774934283553,3.52164912541928,3.5158610000569,3.6276655597492,3.67998376474367,3.64191601325289,3.54763615196109,3.74187172539151
MYST4,3.42018488983226,3.32855634367541,3.15611949006581,3.40466218772515,3.67173548671967,3.31249724506089,3.36367138581005,3.44538404267714
NUDT3,3.66630171545572,3.27964162467202,3.10615212531277,3.48002506215027,3.61225273949187,3.35951182185831,3.49855079694178,3.43014635659351
FNIP1,3.59650055057837,3.29512796572668,2.90436926969795,3.16640080463774,3.55554061114357,3.06090360941882,3.27115245944045,3.24244700619085
KIAA0776,3.4064723911421,3.10896024124043,2.65358777505457,3.08047387990842,3.40531988841154,3.09675954733737,3.20726911568851,3.18023773318028
SLC7A1,3.36347734653705,3.68569678455823,3.37098044015856,3.32372265751075,3.60660608660456,3.30889059878259,3.21974506500515,3.19738532764798
ANXA1,4.1891294776402,3.96428961952953,3.10864517816757,4.13494027836333,3.11119595259317,3.40435744144914,3.66661802523792,4.14083373601987
BC003660,3.54599933226663,3.99675764431867,3.06544115156626,3.59245912360501,2.39483852091096,3.16660474385823,3.39934173134742,3.35709974204575
RAB18,4.44117330762823,4.00284954825591,4.07576883283806,4.33873495043774,4.51629490517731,4.01964032760063,4.23101951588846,4.36108358291481
ZMYM2,3.11513202506414,2.42299997727162,2.61631373926309,2.80215227396007,3.04879127384841,3.02043876912037,2.83726006829724,2.9059895163479
MAPT,3.80937861985066,3.53614061194688,3.81806633698801,3.59656883807887,3.92952539145165,3.44636938143325,3.74054102946032,3.56543445218059
FBXO30,3.81536393515947,3.86940722139994,3.71166654544269,3.80589731917548,4.00753382034179,3.87896976088947,3.81375027037931,3.99187127686337
SLC1A4,3.23477029516092,3.09732395888796,3.16523749847555,3.47317182802378,3.85167745469355,3.64939746660988,3.2725055461029,3.47910304433928
GTF2IRD2,3.70054658139462,3.78970759785856,3.31456216769241,3.79846660092207,3.45222158615576,3.29730256492683,3.83946679705304,3.61975449978849
KIF3A,3.57480848013988,3.41717564097413,3.34099882447663,3.29141680670358,3.4339659020111,3.28226016329826,3.36452679425283,3.4217164340478
AI860012,3.48274599086359,4.04939372128498,2.95183176964224,3.43133111042039,2.99497228015775,3.47979607199974,3.73671911501825,3.52349036561657
PPM1L,3.30337211625811,3.4148393641613,3.49319920965103,3.25186540529976,3.88106575272538,3.33813503659251,3.04734419316709,3.34696153828567
CHI3L1,4.20783765470293,3.60517603182008,3.0691969241423,4.84794498104588,1.85405085679899,3.10681043858124,4.23288056253113,4.06113852000959
GLA,3.34927072638255,3.63441247383024,3.2287549390767,3.49565477028039,3.31995091355365,3.5484311870221,3.46552040582521,3.39574213802282
HPSE2,2.08895427282076,1.55715818247533,1.75526489141225,1.68672562107454,3.4636208354002,2.07099042100548,2.59839650942375,1.63854915551096
AF274957,4.17896055308608,3.7811927246076,3.99246037531499,4.03769456215346,4.25133797905712,3.84212419387194,4.11534982348162,4.14711137411743
SRP19,3.69646595343879,3.79297934047678,3.82746148621363,3.67969012039608,3.60228337837751,3.94778043083298,3.83249102962409,3.74868655899468
GPHN,3.43732588787332,2.92644329003345,2.90824045832459,3.24792885318628,3.27211347802001,2.95932001498957,3.46751368991101,3.11384178233627
TMEM127,2.99946635865333,3.37122418014969,3.40879316864576,3.33810911834779,2.43398253014199,3.22988218065174,2.57928959150756,3.21672708628135
FRY,3.44274528169479,3.22453202672058,3.73696811965396,3.54553533948628,3.89870944361289,3.83881805960264,3.25606340683366,3.66618136551045
ZMYND11,4.22379122829429,4.11470300355164,4.3009107654636,3.93393001211447,4.42354338664188,4.43689158605337,3.96228128383918,4.15974601716627
AKT3,3.52002961180811,3.72170594339826,3.28533582986415,3.53097075078002,3.78051763197849,3.61094246917371,3.7062305703274,3.83138352728926
ARL4C,3.13600545334863,3.63935777559341,3.38204569425322,3.59887156020939,2.48924672171697,2.9090658342942,3.62982626070086,2.67337483735326
ARIH1,3.69183815017623,3.56794095172619,3.28270615443444,3.59059375482881,3.6535462132317,3.60673585838751,3.39168317908164,3.57617543415245
GARNL1,3.42662722040129,3.35763893071296,3.52982712130726,3.50308625549952,3.51668526885985,3.47252110616164,3.25907925285522,3.57618546004664
AI982758,3.44423315763436,3.55576243357486,3.43569023414327,3.48047722186687,4.00449316561752,3.61547395967443,3.62752807215703,3.83929901327195
DENND4A,3.51797705707067,2.63064547628436,2.42595787477451,2.572952879658,3.21295028015697,2.78956731651115,2.57363385126209,2.67711398602634
GLUD2,3.79788149136109,3.58011273565299,3.40860658578408,3.78562726046,4.07063113252558,3.39795147389502,3.65447341692298,4.06372254809892
ZFP91,4.29406768287848,4.23984732071476,4.25009345115097,4.28256626495256,4.2672082780276,4.23029236832417,4.28724410959803,4.45702869195685
P15RS,4.00546657198873,3.84385044500745,3.9980079330006,3.97048202586918,4.19094311845257,3.79927195308262,4.09118414771285,3.96233746097948
MIB1,3.78050683348085,3.94545125239846,3.77532320174505,3.89165942210178,4.13239850706114,3.84614770111503,3.95149925608326,3.9579350628538
PPM1A,3.63622704074154,3.27717607897922,3.36865573903515,3.53031472616753,3.44570863931678,3.64226028457051,3.52929981539817,3.61619772866937
GUSB,3.63084213874531,3.88075432989843,3.52516600365887,3.9112433934101,3.47491625454584,3.79045476619598,3.76535818032524,3.7887833746177
ACBD5,4.22205974809852,4.08538435002027,4.17532260182527,4.11740391755847,4.53301961243111,4.30596513973025,4.0841927857029,4.19376209769208
VPS24,4.46675050810082,4.4683281708078,4.63571209350097,4.42196905776653,4.45441066856116,4.54432427694194,4.48198163602706,4.41869168246759
SERPINE1,3.48465026613271,3.12976140958563,2.4657619499582,3.1341490465275,2.14351442007555,3.15008314542518,3.29870377566126,3.27803207307891
AF116616,3.53495503542123,2.3064271722095,2.12103101583596,3.20291912832421,3.21160051054805,1.9253533526732,3.00820657375111,3.15247242175963
SLC18A2,3.25957237862693,3.40520390598595,3.59005073885452,3.14723995596826,3.53533729411195,3.36620024248543,3.26214032749275,3.48802826195985
ZRANB1,3.99843341375985,3.75666592218515,3.80842205762901,3.79963101598553,4.01021003480172,3.71600651731365,3.81396008022999,4.00900996087435
ANGPT2,3.40773820115609,2.87512900804693,2.37741918209659,3.610970976887,2.87222330632022,2.83814672838961,3.08945398774368,3.24307949081093
WHSC1L1,4.30809552797973,4.34837249476548,4.07860955554475,4.19717435669394,4.52693656425675,4.26327669805484,4.3073259879632,4.22204279246467
AI690169,3.70054718720327,3.75792536312216,3.94037486789913,3.64599600393308,3.99937455666532,3.82317905643238,3.78032984383992,3.69790145561198
SAMD9L,4.11246416809939,3.90511158399662,3.25184303262447,4.01881995481767,3.34167861059349,3.89203724976051,3.63315534771485,3.64364875565563
BC001425,4.09142829380615,4.20379451988079,3.98381669455768,4.11353609385515,3.47122392061616,4.03208023229519,3.99504419602997,3.65407840527496
TBC1D9B,3.78563700749991,3.70152714391298,3.8678688921087,3.76976093112185,3.7490998630374,3.72376227912587,3.79840594928162,3.76288231179949
LARP1,3.64342622319848,3.54131446825139,3.87508396192344,3.64871315860204,3.75314923716471,3.57286811854093,3.51428616752534,3.36628956630852
PPP2R5A,3.52324257504405,3.72449075122947,3.55178047277888,3.62964095729654,3.93945020928377,3.6479467955315,3.31380628837393,3.88556876093413
RSC1A1,3.46470157564329,3.57359327810609,3.54761092211302,3.62027194601323,3.3807358781533,3.5115428742983,3.37769901518951,3.57149058184182
IDI1,3.78646896793853,3.70910732456596,4.03669622973678,3.43927409960399,3.74138042987574,3.85889519254756,3.92576724317003,3.86015892052011
SP3,3.52577355073012,3.771459378186,3.75269894094187,3.69805493795647,3.56341439352563,3.59702491228713,3.80833921607512,3.67900138814732
SPAG9,3.43574071516061,3.69130088366621,3.48734910570413,3.20832981228238,3.74141320020664,3.31925371515948,3.31334427651496,3.37360080692791
RABGGTB,3.30165970021697,3.19265887413088,3.40709793311436,3.30693215887147,3.64853915709867,3.38019531728865,3.37723957154511,3.55316451228238
FDFT1,3.97153695011016,3.9121490655369,3.93423223805019,3.79387374447333,4.12187119030955,4.06888418006226,3.8885740001592,4.00868527662562
SOCS3,3.17814985024115,3.41261071847222,3.11044525811363,3.82791128577404,1.73631680790411,3.0083007459962,3.84627375743068,3.42136911407449
TGFBR1,4.01755096862748,4.30752611657806,3.83995368809343,4.29909486092452,3.78951711438748,3.986649487791,4.15145023479262,4.27029366857754
RABGAP1L,3.57399907083668,2.92240052362909,2.77699376212943,2.80882314639178,3.54500993758976,3.12519847559542,2.68670953910496,2.87075669937548
USP4,3.58654927411161,3.70047154113171,3.71676911435673,3.66873153718075,3.61203102774229,3.82304258947166,3.70986839985047,3.56321959938365
DDHD1,3.78719216344604,3.27751707451386,3.29025326255867,3.54205583269919,3.67876368157988,3.528330263946,3.4312072290887,3.48633510780065
SLC25A36,3.49869945232103,3.34256104079458,3.10839113583886,3.24275429967313,3.69394456911512,3.38094801224005,3.35373355427791,3.51493830921783
PPP1R15A,3.1844790571531,2.9658326868393,3.37627485311216,3.13064988414221,2.29822846554243,2.40825353680236,3.19317136601122,3.2300571132566
CAP1,3.90642469334732,3.97370452780667,4.0777039446127,3.94237513725486,4.03927952652542,4.11499427505647,3.95785701836664,3.98638512969791
ZDHHC21,3.3890336486726,3.34510189283669,3.20537382486327,3.30000406701808,3.54834432779372,3.18460172413105,3.45733406793044,3.43871460849525
EWSR1,3.6719382484886,3.54693322945985,3.73652581512287,3.53033291265536,3.57370049893353,3.50464767066814,3.58825579175938,3.63176328407006
MRC2,3.65026661785507,3.698036745776,3.2696826594872,3.85554495817176,3.40270267656556,3.4628066414247,3.64522964356363,3.68747099196337
C2orf11,3.79222963940806,3.72828859236828,3.16641767987644,3.83350606958114,4.01247040723318,3.54345823922813,3.7569324834334,3.9127961469916
C19orf50,3.67561732967778,3.69530485812947,3.67896791878204,3.82322499261965,3.69872977305745,3.65914890261008,3.76094769220016,3.76442400566705
NAV1,3.50286201606793,3.75698317693781,3.35729417126626,3.54064900796464,3.82526119737228,3.40566969780292,3.99337573369244,3.62716095237478
ADPGK,3.63433708428397,3.71880417797261,3.67290351188454,3.66624393291276,3.63942173870489,3.94486571870612,3.58168825248044,3.73712797096417
SF1,3.54486641192385,3.42554612104737,2.91919319132269,3.33090785731076,3.49518981969096,3.63445933373054,3.13650526857749,3.53925467509319
SPRY1,3.23971730215772,2.97278860182169,3.12855660733614,3.65482355327134,3.11608581226764,3.33004690342281,3.20170921253162,3.06452125683162
SCD,3.91274141084786,3.34090850207227,3.21484517211422,3.58856401472115,3.87892298785509,3.50092662459682,3.74259207388015,3.73943958351517
C19orf48,2.86177628196058,3.55240853501087,2.91338782304805,3.62235931628818,2.43293403306465,2.80267112392553,3.73948326143696,3.38263290740812
SERPINA3,4.63145736587055,4.1445549052037,3.56926655186155,4.29187676224774,3.54112361980978,4.2164152398141,4.92816035779135,4.58756258378101
FCGBP,3.93279855229652,3.52501550737601,2.94153379275864,4.41299690998071,3.20665455218408,3.86573398506703,3.99525060794502,4.46490976318767
ANXA5,4.47678425625039,4.25147381434633,3.86582201071768,4.59784317177844,4.05619427505841,4.24564098780964,4.32607598495435,4.34534561324769
TMSB10,4.69765331413108,4.66292630525879,4.89400224912307,4.55028220223227,4.28296148661356,4.57864562693676,4.9458884217144,4.54395765748219
MLSTD2,4.00791745245933,3.92240789704014,3.88765583382312,3.84118452844119,4.01422676562793,3.62898488393282,3.931070647141,3.59545984538364
ADM,3.86508252600747,3.37960534035948,2.98769351917746,3.72946002577108,2.727293134071,3.58353847934202,3.86605311143854,3.59785604249721
RAB2,3.77994155332497,3.61645713344295,3.40069009533222,3.8176362919236,3.91123747960709,3.7316223632932,3.94886810062216,3.78605379109524
SNX24,3.66744043755681,3.77761644949289,3.55017329815243,3.74310679714145,3.36695144744192,3.6603479990629,3.51349620518032,3.39764041588585
KPNB1,3.69347772954321,4.02090757808422,3.55563860876948,3.67200489048612,3.78440101861518,3.82811139851084,3.65655287062289,3.80580292417587
LONPL,3.85762446130816,3.89813288714791,3.77939610686723,3.88388573431904,4.16828152006855,3.41224914493821,3.88933369902428,3.91822635447134
AA934610,3.68486564021083,4.05541128451239,3.72678880440102,3.76265831118094,4.2989118876852,4.08319943954755,3.76650832191072,3.87923022036818
WAC,3.47267367689226,3.34756886038934,2.78956520137023,3.38953339530203,3.69286118997706,3.57533716573477,3.3249942381404,3.49248226773656
KIAA1279,3.6734320474219,3.56814220990767,3.7877861086927,3.52936951807769,3.84549399806611,3.64687893526719,3.65472940973219,3.7178694674577
WDR34,3.80397570586486,4.51380754660735,3.54872922655379,3.6949026984045,3.29528796232737,3.4026875558666,3.95257470865185,3.80844318746014
TCF8,3.77934009527336,3.87272485530748,3.30292740317828,3.65158743550438,4.14105989362455,3.85226309722553,3.66790083904694,3.76030627902458
RNF135,3.95701371291703,4.2362088722031,3.60665292923691,3.97692770610278,3.84242256518715,3.51500425232683,3.87181324870681,4.03035295803757
IFNGR2,3.93174093435547,3.80660639104405,3.79308306805947,4.0489498405944,3.83070623944387,3.83024674372101,4.0962004914266,3.965209511669
CPEB4,4.04646714694959,3.8343386695973,3.18937323211465,3.88318583526351,4.05759718937047,3.481279056447,3.91402454001961,3.76806537247184
DNAJB14,3.91634159651245,3.5654623293018,3.43047689850506,3.76777524038405,3.93670887982177,3.21951825064852,3.64466257250356,3.66552845978277
ARMC1,4.12483503642104,4.17356726023704,4.23881304730852,4.12272787995171,4.2567563882911,4.1907103219229,4.21031378350199,4.13427412743713
FARSLB,4.11771150013117,4.0390902408264,4.23305126990752,4.15375314442742,3.99297576660037,4.21842975450212,4.32925149643648,3.81364776204855
CTNNA1,4.08667532710509,4.03119639597688,3.91465398167002,4.06265928552612,3.95889700119896,4.07244376075669,4.09993658538029,4.02827592965108
CDCA7L,3.89345237652788,4.46674291695106,3.05683894024277,3.95519295960864,2.87803897779511,3.52878626385785,3.95823371305329,3.42688911206761
MYST1,3.5605946100469,3.70892917757312,3.60068817077731,3.72204986451375,3.50538090729024,3.70926419296394,3.56090984618654,3.63049672609265
NET1,3.26497664189379,2.82136087621879,3.38504883950491,2.88134927259869,3.83683869659471,3.41205411976848,3.02454887798569,3.73051556280485
HAPLN3,3.36721256154905,3.26621075782712,3.34395343426842,3.5141266680947,3.3282166614714,3.41865040991753,3.4818086862014,3.52138825420969
SAMD9,3.75052042842161,3.74267612315867,2.90043431619024,3.5115773762682,2.69763641201118,3.03253012027854,3.68418129889825,3.67788112859646
TMCO4,3.17664448723938,2.71941001644221,2.4615900581299,3.63276291174275,2.46994713365178,2.4830321292954,2.58424526174432,3.42951844069957
RAB34,4.15434995109689,3.38502038527586,3.62806661506352,4.21029301799056,2.23008344934399,2.56212149255241,3.9448523066858,3.20362922414804
SPIN,3.55634086175227,3.61206667899012,3.10598203200213,3.16086242890752,3.5294336911321,3.2870693040808,3.32670485443833,3.46575749189886
ADPRHL2,4.00982523904355,4.18449226255442,3.90215960093214,4.03637315315155,3.77431597591468,3.6983251196254,4.07003564892814,4.21136267438427
MPDZ,3.70418252985786,3.78594751762835,3.64296747628032,3.58009195049374,3.91428205536381,3.57631761887751,3.47376468373941,3.41356730096179
UACA,3.57323003749784,3.4601438605278,3.31026496538971,3.8486212867106,3.46257916573488,3.54527655392692,3.48689145061293,3.66481847757189
IKIP,3.18651786645038,3.24577267314074,2.81293874542429,3.25139801473052,2.92365220866615,3.06495302732525,3.27927307207437,3.2468406622099
DDX17,4.03021026087319,3.94036211362386,3.38498369625417,3.704990570074,4.04718722064066,3.89871673689247,3.76759802738502,3.64735088591373
TRIP6,3.82794065346073,3.66059723256,3.43133915344104,3.99436414369435,3.3359623120011,3.03972455849743,3.54871633661578,3.67541316092347
RB1CC1,3.8349397663314,3.67978790286577,3.67108680869849,3.70683116191024,3.84746481240684,3.71970450379489,3.6964927724847,3.80935989321114
AASDHPPT,3.61872977006017,3.3581824004794,3.12630093416992,3.48992868214693,3.79702580635029,3.38045311256438,3.77875356088542,3.76560903073304
RNASE4,2.97531690058905,3.16637356602701,2.85151090009122,3.09335443435839,2.74926854032179,3.22889494680506,2.9120439433287,3.59228315206408
NUDT4,2.60853245167482,2.67468481627942,2.26536270944484,3.06514221254543,2.15991893755576,2.18635445744551,1.92711361193376,1.91842878173695
CENTD3,3.50235923909564,3.77460512950754,3.14709326747786,3.69100302898551,3.20279063770402,3.2699302267678,3.41169443858331,3.10009057622956
LUZP2,3.01427560153465,2.80920809679931,2.03839759357428,2.45919037316443,3.85141026404657,3.34190101685772,2.38428529822934,3.31778262321166
SLC11A2,3.73774812061929,3.53832736266939,3.43468879746729,3.70269198228844,3.81254297941206,3.68931631933285,3.64154936186362,3.70895634143603
DHX8,3.48544174162913,3.78679059203825,3.42902062857565,3.33905930610195,3.05816020349183,3.26539311802257,3.40659706077048,3.24106983992334
ANXA2,4.25893874220158,3.81855630691416,3.65061219963317,4.18028556519876,3.79242755233599,3.99820967078302,4.5053019954951,4.2447727502124
SNX8,3.05079103904048,3.51769656595114,3.37969539173131,3.47715064098538,3.32108057204714,3.08640041039436,3.12808021654134,3.485349278244
FAM120AOS,4.0629916070567,4.05174349414935,3.94349491161843,3.86979142272984,3.63180282672844,3.76369141060542,4.10164996528929,3.96384064756
KCNIP3,2.73663709054831,3.13722747644291,2.93461155507713,2.42549998422347,2.86494693665137,2.59131063753085,3.09820228603222,2.77024062485396
SLC25A3,4.90509331988471,4.80605995640791,4.93024539317444,4.88035957445544,4.81038404419752,4.91892459709541,4.964592348646,4.80775878766217
PTGFRN,4.19719501436907,3.75238506850136,3.07802593505553,3.88961131413101,3.20767017568709,3.14252086099698,3.9813724450415,3.58161530831499
C6orf111,4.08225049994879,3.99643667107678,4.04370666862419,3.9874961329345,4.04281909001911,4.20527540481581,4.00822293817722,4.02582764740757
STEAP3,3.5089590878602,3.59907155857819,3.02506898726995,3.65355219220753,3.19621875542339,3.40148101567549,3.53828461059014,3.40263772256404
ZNF22,3.22156341128527,3.2694286455489,2.91029776092298,3.31505274265468,3.56759775233803,3.01818977767196,3.36639045397106,3.51390792572528
CEP170,3.63687237261518,3.77323284206096,3.19847755979218,3.38612657901077,3.81156689628372,2.86716449567215,3.76478215190586,3.74986936548858
KRT10,3.66954977478522,3.92073628228604,3.61237288330414,3.71644075849069,3.68093368419975,3.59907800860529,3.87793291592509,3.60062837116279
NTRK2,3.44321666024313,3.15990781837841,3.13151793740521,3.00648016193882,3.4295048715715,3.50233834002603,3.12507508367025,3.43828818446852
BBX,3.68460023912864,3.70026141135106,3.29090011018228,3.33468450930916,3.6965818662191,3.52743345740201,3.40146929863133,3.64170765450163
AA935461,4.03832340526894,4.14237037927046,3.66227133830415,3.96188589632586,4.16168031237859,3.94654216056175,3.45211303104889,4.11002728842287
FSTL1,3.91569324104928,3.98454315467743,3.7411486037071,4.21380068669419,3.6496250379468,3.69862390748305,4.01619028257169,4.19152487178253
UPP1,2.83940702090595,2.9054531650605,3.04236638651337,2.78899020621622,2.60157548281692,2.85466001454781,3.00920393215513,2.92954664060476
TTC3,3.26595352740863,3.2449086773856,2.95945782895534,3.43616471510479,3.5206146528476,3.03310153424105,3.40986434050958,3.29454337822629
MGC39518,3.13885476970415,3.56717675430415,3.66513023527848,3.45954009263746,3.50087591562965,3.04310280291401,3.43865941057325,3.44458545269428
FUK,3.75331734565534,3.85116609722065,3.66329008260882,3.86204564541574,3.62645287921862,3.70605961355686,3.70218126261098,3.69659287064747
CAMSAP1L1,3.60732482258831,3.71700873996465,3.11018249461788,3.71507044664928,3.73808076502054,3.35395717840323,3.79635282817236,3.73286993581098
COL4A2,3.93911961771877,3.94768750902068,3.29316978685332,4.37517436861838,3.28045680552915,3.50808509709794,3.97415162714594,4.15886872303796
ENSA,3.17070488040032,2.92780033779805,2.91358234350838,2.00703047207496,3.06953231242044,2.93962706407257,3.35459434643993,3.29840786011616
EIF4EBP2,3.79593233799152,3.83129054207585,3.71664112095788,3.80815011339917,3.85962049883196,3.8575628526784,3.83346860039135,3.93969657828489
AF119855,3.79324361160603,3.77758216907223,3.23493770782078,4.02595006872279,3.94231755745071,3.49645706121203,3.7286227177843,3.73708349858291
ABI1,3.8142763035134,3.42809265893814,3.25946581718929,3.62327110797741,3.82677377813202,3.57578562777825,3.53339617640559,3.94490600158564
IPO7,3.957516013381,3.97409414567435,3.54448055222308,3.96181187815874,4.12911519955838,3.78641031028051,3.96169183854295,3.89361630728995
DNAJC12,3.15526314276348,2.02771238775061,3.57319986976277,2.71210565123908,3.31721354190694,2.25325802185696,2.33638567732357,1.99946548899556
TLOC1,4.07114492177989,3.85527413720773,4.01471957977853,4.0720696335133,4.20778552294825,4.08279545588111,4.0034753099342,4.12796291322224
HMGCR,3.22193664192509,3.47228095103711,3.33284771582216,3.31145632039722,3.31231596145679,3.20130725157258,3.49366977893217,3.26625710429122
LATS2,3.87527731457682,3.77037579333449,3.53105565693736,3.92819079432431,3.15115464187013,3.87412983278856,3.56089408981277,3.70076652092921
S100A4,3.13548725993352,2.86821345620764,2.89518046715483,3.17026641044506,2.05874479499682,2.326512001268,3.17926877564604,3.28080774837721
LOC492311,3.77193022513428,3.43541144778965,3.36717843912305,3.78327639968666,3.83550254785681,3.4964727070155,3.65133627147083,3.74557651795758
KIAA0652,3.44685112489528,3.40535524066417,3.78105282890667,3.46905609939537,3.66505473511808,3.36503473438456,3.66682094501393,3.31256470470086
C4orf12,3.11635034492444,2.92502883088913,2.98170537695704,3.22813256389569,3.5762064330078,3.06690857003452,2.96623703231446,3.26383127972108
NEK1,3.40778439583116,3.37105825224496,3.24516706882208,3.2140534547679,3.55629405607026,3.48643940553345,3.35816145911053,3.48391050855365
C11orf54,3.50699925150682,3.73501668273922,3.23326929980855,3.72821023818127,3.98473010176678,3.51669637013273,3.61241985017976,3.98311348995119
BRD2,4.04513677913391,3.84446996850993,3.86199689423959,4.07152555556714,4.06171060400432,4.1073285362126,4.09389690747397,3.94906733775973
BF594695,4.14018348936337,3.97010901860291,4.18942018084778,4.02234732006562,4.35161459160375,4.07785034010024,4.47566548000158,4.36685225754701
XM_208778,3.49692812665676,3.47756733551029,3.22252554766029,3.52351365378495,3.30285842970798,3.32955122841498,3.50028712126045,3.8102024659285
PANK1,2.92186431776367,3.26646313326276,3.30407585437941,3.16082374494672,3.22182929278773,3.37052641244609,2.87810683460084,3.4377364559457
LOXL3,3.63241122820593,3.67744196247177,3.21130212705929,3.59964643715602,3.51119181475327,3.622260455789,3.94237012846223,3.69209184176773
CHES1,3.61561668422264,3.4646300668043,3.21286462909981,3.53819393710652,3.56355559729019,3.39959862183871,3.4621836431448,3.82771895902592
ALDH16A1,3.19664892438014,3.2645902308413,2.82547739914076,3.62511388565683,1.89911981540302,2.9779932412993,3.16712909968547,3.27742537372374
TAX1BP3,3.79201460025429,3.93972232516206,3.71601929531223,3.79619565207856,3.57218478121679,3.75021532077452,3.7424212544833,3.83644691631665
TEX261,3.90075563473627,4.10281685467045,3.58231102204184,3.90043207677324,3.87081599681187,3.92511191917733,3.87110979146871,3.80500137025691
S100A11,3.5740218868656,3.47804820732058,3.1978237068636,3.69241716921695,3.13577200924235,3.26215505157759,3.65494363119124,3.79150292869167
ZHX1,3.91289445298422,3.72798402788275,4.03978134924002,3.89957632091389,3.83421438069739,3.96505364865975,3.73768257813327,3.64591729898667
COL4A1,3.9906983976665,4.0179422761745,3.075767337291,4.36890530008302,3.2727072420474,3.94603378481225,4.05543387622797,4.19782205447313
PDLIM1,3.35325919779835,3.98060750729928,3.1965497774189,3.60475164176932,3.04929091598341,3.23047625552369,3.213917071163,3.49859805806115
MGC4677,3.70083069943565,3.71957646153913,3.71952327895095,3.93971020036936,3.19184376991926,3.56279980063513,3.86451197100519,3.74755714402618
ZADH2,3.41954288998835,3.37879439975207,3.147633356327,3.4329946106264,3.62781180368156,3.31888771156837,3.59730568166183,3.47236570100617
RPL37,3.65092626755525,3.51604593852029,3.66157948533426,3.67363834642466,3.81150831510068,3.68866244295953,3.30458465779428,3.68188180149303
STAT1,3.620293184908,3.02840897191041,2.95015593380461,3.23610048024071,2.41960718227555,3.14232031141977,3.00689541776533,2.73852529584845
C17orf63,3.98676748084585,4.03404583870813,3.84479249945559,3.95897399986079,4.08728833440065,3.9814394416474,3.95735813071914,3.90597355408398
KLF12,3.57224909328925,3.84195662140066,2.25145813946716,3.59573997558891,3.96486891245117,2.82189852385488,3.47616417398639,3.24773102443461
SLC27A3,3.48344892824645,3.35211514898674,3.34088710717221,3.33277021495361,2.9023570397819,2.91704786767615,3.32812772116762,3.45486604087199
OSBPL11,3.70931542379975,3.95281185755855,3.39866207409796,3.57283571916868,4.21592204810812,3.6014955847787,3.7763682183197,4.26253205555823
REXO2,3.82919927222413,3.67895536710504,3.769909084995,3.84758610725734,3.65381422192589,3.9850138555654,3.74659333597527,3.8858785591326
SP100,3.15511427807985,2.85718288034103,2.90730868744323,3.18601783341442,2.79685174904989,3.25350592267898,3.05089727531851,3.44312618271491
HNRPH3,3.76454464044066,3.99777432354294,3.94358893254033,3.75016969825323,4.01541768542323,4.02567854303307,3.77847236479125,4.00496150764459
HIPK2,4.42625806057528,4.43860088362385,4.35475678322994,4.20775316958509,4.6195190332638,4.05744231995588,4.3961763585304,4.21458200077551
LOC54103,3.41685161299416,3.53858567171448,3.30181644191062,3.5770350910045,3.16939813724808,3.39596347335894,2.9851187210965,3.35146911047157
XM_379512,3.85717594124751,4.0206427783277,3.94460361619166,3.8039309618638,3.34008800605184,3.74940119225015,3.88531094527344,3.70314016571815
FGF12,3.07437607389282,2.54010663833001,2.92632237805204,2.83954277819631,2.92139563486754,2.98120908049628,3.50840042136863,3.26152788602715
ABLIM1,3.32757755939389,3.09333762003014,3.0843395855069,3.29050606599459,3.50514169950244,2.82145981143651,2.98017023593685,3.34597583530975
NBN,3.48923968271457,3.43346067900106,3.07669286163461,3.38069611406808,3.49723631212113,3.59241361098883,3.23934178010272,3.43801312064859
HLA-DPB1,4.11870134790771,3.9483035958752,3.81792026190814,4.07246092595592,3.71160782945603,4.0769395051414,4.10435943318552,4.11578565843273
CD74,4.69677085038101,4.44205318278676,4.07977697882866,4.73121809503616,4.42888631553592,4.57455638854582,4.3069122148926,4.66531601870784
PAPD1,3.35176307668852,3.21866572152305,3.49514690811875,3.23174654324405,3.57559872870657,3.50653181983649,3.26223531281088,3.45472689875164
PIGT,3.58610751563015,3.66841107894606,3.63053353710406,3.59710190310285,3.55143523658934,3.56951049774588,3.60313440864246,3.52654629344738
GSS,3.20268226224941,3.49081568074062,3.46080631569411,3.47400649874143,3.29244304362489,3.37208034294574,3.54853792513752,3.34091286016344
VPS13D,3.12778390558138,2.87179119539139,2.9717451527879,3.14040652819524,3.53599551504687,3.27942441045977,2.84828766909528,3.51555608344887
MRCL3,3.90288207303516,3.85042554036941,4.00219121121621,3.92952033440869,3.72035498136301,3.90845761993041,3.80214227419279,3.82578800884891
IGFBP2,4.51229658594865,4.32027391668542,3.06697036497688,4.48754701412945,2.98810480596929,2.93638403795453,4.61700406512766,3.50812297505915
NKTR,3.50936612506747,3.54969010617703,3.170703707827,3.32792753886299,3.66452379753838,3.45377884555585,3.27846687196379,3.56367267853326
C20orf108,4.24574732083702,4.33675275373049,4.31471421683247,4.3117860188419,3.89807132867813,4.19020733204821,4.10054743238941,4.10912785493059
GIT2,4.21790847665467,4.24045164585478,4.2171393198685,4.24930289355949,4.0299377382295,4.28713210944133,4.09178464072905,4.12598430041959
DKFZp434B1231,2.63612365844262,2.8526647734625,2.91035755727288,3.2402616201589,4.03821452509932,3.3245176515964,3.01486943021776,3.77702939528013
SERPINA1,3.43109264762512,3.16627614440565,3.23481607451925,3.58292427662581,2.96492306091803,3.57368207042657,3.47868046490441,3.78756928247326
F11R,3.73728696822168,3.73674021589593,3.55202006215234,3.81202100096272,3.45144454345434,3.43505992198716,3.49044169691279,3.68052523780256
LOC143941,4.10570620319658,4.25070976059385,4.17418946585006,4.04525266433952,4.27945270922176,4.26844537014716,4.05152273094707,4.25641972157773
HSMPP8,3.56478970815746,3.22536770074474,3.74441362980318,3.5635090881795,3.52835368000088,3.37239532697164,3.31170788696266,3.59102262319733
VEGF,4.45138325999042,3.90650694744211,3.1718922435339,4.33706590193216,2.9523336981965,3.8339157893482,4.18343228215444,4.28891027213761
HSPG2,2.90825547916991,2.98084976159796,2.49224619288504,3.55020731067184,2.56236662876127,1.81624793039127,2.53493184589049,3.32976204580208
RBMS1,3.47406715013963,3.52681144512829,3.10005539496082,3.65341648776448,3.05313263083016,3.51227151355202,3.43397709409232,3.51463765692105
C20orf149,4.4487132901983,4.30213924258176,4.30640827740099,4.42697757657892,4.12155334449356,3.96293667354955,4.29566428309379,4.21048332244167
NAGA,3.17504015357948,3.00376589574933,2.86396727933901,3.13260320996221,3.04693041124809,3.21920087845007,3.10072851815348,3.45237532612361
PDPN,3.62197224333073,3.70661009125777,2.48718505608854,4.39743280409055,2.31898314803646,2.6686346793939,3.3957730409763,3.37516905964442
RAP2B,3.63708767096471,3.62924839088233,3.49420247512946,3.58312381484924,3.47221638944524,3.71954415513587,3.64977292457796,3.61899414147423
YTHDC1,4.06637099272563,4.11793843615345,4.06506647357299,4.11671009659661,4.29242468225926,4.12446261925593,3.98710748869415,4.20098057551404
FOXO3A,3.45918086844634,3.58119481553804,3.18273412085725,3.35693653748772,3.75230664175508,3.31663470623078,3.37837100656591,3.60029164041557
HOXA3,2.99594347810457,4.07093683069176,1.91873784899442,3.40726476227637,2.19589135370927,3.2961935712272,3.49010237711995,3.0939635146535
HLA-DQB1,3.66941860701601,3.53116342804398,3.30888270837602,3.63788321813384,3.21537050786378,3.4084022864655,3.65366404174239,3.57050803147626
SLC35E1,3.50189799645453,3.5306296802236,3.82119158575931,3.49918556785141,3.60850453225903,3.35324032828829,3.30459154980884,3.59299814071393
ANXA2P2,3.74149834424256,3.4709458984844,3.32308371394686,3.59037408692187,3.4279861685853,3.5386709867853,3.76183240336941,3.68266546640131
ALDH5A1,3.7012860770415,3.6488832888426,3.88556599135986,3.65244264803264,3.97020587037939,3.74265821495647,3.59905767429652,3.86914526304864
AKAP11,4.15132390516173,3.86273890680349,4.30727427718085,4.06628200907304,4.18615285381774,4.02488759401422,3.94175266242301,3.92694715613282
PPP2CB,4.44924077588147,4.33685622177635,4.43317779831862,4.34837617496853,4.50450640658196,4.45633210824208,4.17690193776523,4.33779245196496
GPR65,2.96550320280572,2.61451440441312,2.52102033731187,3.03697004973498,2.53430031072603,3.29480316966557,2.88482650520078,3.20996034011462
PITPNC1,3.55836711926822,3.5521870628175,3.43917300203013,3.69341702991626,3.55176206548316,3.33805209276419,3.41372864860317,3.5631894406218
PHYHIPL,4.43844741065437,4.3788623294572,4.52274974934955,4.20165462010609,4.82430333097339,4.60094796929816,4.34820280159091,4.60834293879322
TNIK,3.66861185879034,3.14498184833248,3.46418495759134,3.45391539021272,3.68806832844606,3.48228460109439,3.54971117363413,3.649542510884
AHCYL1,4.19000627570266,4.10269855826107,3.86225300053028,4.23952690477067,4.4179616131669,3.88623181978353,3.99733084882587,4.4753231630579
GDF15,3.00032690068221,2.57054644224263,2.43713355336705,3.0971149516418,1.94781099222905,2.90705593238641,3.15790775286606,2.40612442127986
CRBN,3.66325688907511,3.41167878619377,3.73371201231785,3.60242941876297,3.7042380535452,3.69993168281247,3.67862716665185,3.51220648946388
AI733194,3.92800142804796,3.88493819899478,2.77915403585415,3.99921982792784,4.24250838289584,3.48076758605405,3.68602774149509,3.85443357809555
KLHL24,3.32339402215983,3.28077362241662,2.95488671744295,3.19280572030202,3.50522733013555,3.58243871758835,3.461274268493,3.2966360169756
INSIG1,3.457339219346,3.77741137892197,3.37652221060411,3.48752977141051,3.35255720083103,3.16151473902645,3.50692045753171,3.30020579173383
MRPS28,3.54208712132977,3.40928373113119,3.4434321337352,3.58937760842838,3.55475668052389,3.1797275414608,3.61830890901893,3.48466577402548
SH3BGRL3,3.84855851057409,3.67044903308494,3.46691786517084,3.73758706700938,3.55418583538927,3.41462276426512,3.9802243280553,3.83329414767675
CNTN1,3.50714220647331,3.03293771719433,3.12795181838168,3.28108748015212,4.09743911292178,3.17557906871617,3.54285429600532,3.84935589281593
HLA-DOA,3.9727403732798,3.72460900135948,3.58961018313969,3.81874080143123,3.64891886639754,3.91703992956163,3.81449651100725,4.05550244692876
UBXD2,3.64483036101655,3.71665421387131,3.7435558570758,3.62845483562368,3.8483786251593,3.49554433754645,3.75857953754637,3.64166692220999
C20orf119,3.53112712380183,3.48195573874478,3.03865949699696,3.99584991986818,3.33353352024259,3.66034049896118,3.36868324181143,3.65284320648788
SOX6,3.25730026201986,3.25599596759559,3.06291951229247,3.51364196215474,3.70790794285515,3.32673187160982,3.85330692722612,3.5095780313936
MST150,4.0480014590555,3.82405746133746,3.6119255423288,4.0236822601721,3.64927438435093,3.89278230331597,3.88255908661348,3.86580154397956
SCG3,3.33777403564852,3.28415766291032,3.43774881929889,3.4370195724383,3.75063665863062,3.09873023004638,3.35480582474252,3.41689086167611
GNAI2,3.69550829372341,3.8088597010034,3.65301056815142,3.78331023359242,3.7028129607793,3.40117816644609,4.01375207367365,3.84675264816114
ZAK,3.40667487598919,3.75217602710339,3.41544897396058,3.51268026132987,3.13467584522483,3.30757262102481,3.42862601431553,3.12144329450529
EMP3,3.99532730669013,3.84298378184654,3.13010916409348,3.99810198718178,2.94585740495018,2.91285735198688,3.68264842170878,3.92497886704793
WDR68,3.41000831567162,3.61819907936504,3.0567307176782,3.54845870315412,3.65036629950377,3.24491880843481,3.63534418718518,3.53121161595939
IQGAP1,3.67276394270993,3.4438919848633,3.39735557639237,3.81319796010531,3.09575394723299,3.75665405769939,3.4330426820429,3.90567587982445
TNRC6B,3.89221791367983,3.92150668716922,3.65760344554795,3.84818579046773,4.0200471343619,3.7216526087647,3.65039524758628,3.62936005000439
TMEFF2,2.40901117074917,2.91035595569224,3.03839759357428,3.08340299300302,2.51228940348243,4.30299496061307,3.09863611261997,2.85567479539352
RPN2,4.2928806958013,4.3601140810572,4.08901216026741,4.42253700239945,4.27506522300158,4.39449896031311,4.44506592061493,4.37029242601528
SQRDL,3.36109046624607,2.9229371055154,3.12153423876935,3.24764533612859,3.12886368955554,3.10806346910223,3.41144948977288,3.42116299291226
RAP2A,4.25261888557317,4.08617311511193,4.19166159902,3.83889925200004,4.5574847046282,4.36711596762583,4.33354162001459,4.18386341033259
RBM39,3.97077886336948,3.74973399726493,3.56839711262472,3.90694408166426,3.93075892845316,3.78650787930174,3.74416807615445,3.82621777224416
UQCRC2,3.70420982059435,3.6966639560296,3.84893281747944,3.70662878124437,3.84122190122318,3.68556099867572,3.87370478536137,3.83662289108148
PAFAH1B1,3.99209733539402,4.00511244481333,3.88144634389197,3.99599160846432,4.00124888384301,3.64107959594577,3.98503813016517,3.85291431485803
JARID1A,3.59139243128002,3.74921902717812,3.32116391869133,3.48134285831063,4.006409815659,3.88432264873612,3.46725060885098,3.70871486303274
CLASP2,3.87555278021867,3.81118342819267,3.78394636374328,3.83071098522187,4.20881158513078,4.09849295966958,3.99642222104491,3.96910639056275
HEXB,3.87292275240322,3.77217547452174,3.6764556424953,3.89487209100049,3.5733951107223,3.74195331794885,3.80301433300404,3.72019346656147
DPYD,3.29477497251588,3.2341058249486,2.65495968392951,3.28809757620491,2.43736206009504,3.06419958202706,3.09786163802242,3.67560284758553
C10orf10,3.61289855886984,3.27697553024028,3.23918456988192,3.62742905003628,3.4469097921346,2.8370117315686,3.30718593081784,3.76676423061121
PFAAP5,3.39006016457192,3.17989489759824,3.27106568654898,3.40209227568356,3.68738875153572,3.47484568048916,3.22054896087353,3.18172814170013
SLC25A19,3.41852699948402,3.53176992455938,3.34858462994482,3.25768505324684,3.47029006562145,3.30026474642012,3.458082352273,3.43560852845468
NM_013307,3.91256744108338,3.76161192082732,3.68664332872427,3.55748253905337,3.91067482067107,3.36627723398678,4.23961528535182,3.71662352412765
ARSD,3.80822286013771,4.12777125287326,3.58751633055061,3.75645048565188,3.16786532259351,3.35450719202452,3.6056290834885,3.36505740814795
ALDH6A1,3.4852330674574,2.8791842210432,3.1538209596629,3.30445196519231,3.24956203375109,3.16120653448049,2.93640666362587,3.50556927717036
FAM111A,3.55207683252961,3.93090483576407,3.20478042214477,3.64874328967288,3.47966411769874,3.82936019527842,3.58510728434291,3.91384721762929
CCNI,4.41103495072656,4.22009346305794,4.49310500667223,4.32339323841574,4.5923216054356,4.61614433657085,4.4555318882788,4.32850840464408
ACTN1,3.53245689366434,2.94022851997659,3.53914676003633,3.51900757050461,2.31484854399183,3.07115745642491,3.67245604933214,3.6252488458327
CPSF2,3.47447763651685,3.39938069015164,3.18041463947486,3.7233764409567,3.26528939008743,3.19127826840834,3.74777284472587,3.6928166145076
C2orf33,4.119749074596,4.1722165641959,4.06546050077656,4.12314905062139,4.20785985657031,4.19593754779027,4.10582763166067,4.15889477969324
WISP1,4.25426198173273,2.82876555770916,3.16343272424039,3.49974603821557,2.56857482225923,3.01990271076616,3.19916392610059,3.16565171279409
RNUXA,3.53184025297294,3.63323165003845,3.59124329914262,3.70365130635431,3.79526566433738,3.59265532827602,3.77065034913636,3.47379750730331
DIMT1L,4.00020003339366,4.07325819429444,4.09078248808035,3.87209546726434,4.15760945458359,4.18498052360886,4.04797692188503,4.00292608149802
ITGB3BP,3.2275504459605,3.72155589727578,3.08165365462739,3.36221718005071,3.34540333608124,3.41454167864772,3.54299289047693,3.57299537010223
SCAP2,3.27218449410902,3.32348599914255,3.50215320958813,3.47210290760649,2.64348228646417,3.0191379007353,3.0612375406174,3.28559916127795
SPIRE1,4.20269356396814,4.18198773835821,4.33994349537408,4.27622027848491,4.45963616716106,4.32090030614484,4.12675796975789,4.18060385230512
EPB41L2,3.87871643759152,3.8439673416928,3.10470283925907,3.46652746275917,3.87523847728526,3.7555390238444,3.93825927053887,3.86248600773883
ARHGAP5,3.98283183476797,3.81715924328604,3.88930304741617,4.11879597351144,4.02980410926937,3.68794637883926,4.19928342098226,3.99799078642092
CD163,3.9233899336451,3.11342088256285,3.53477011834289,3.73785209440315,3.37308035146014,3.85841862259945,4.08159477793635,4.14434510744313
PAEP,3.64934401190746,3.70254529910849,3.7307080033449,3.89885331245952,3.60642457741164,3.78644510815217,3.58925629829096,3.74644775474994
LAMC1,3.98927820184504,3.79382452643585,3.41306880557523,3.92469445920269,3.61678020083836,3.69991651586227,3.84018949358241,3.8756172675128
SP110,3.44851308542719,3.5301471697352,3.14984946001664,3.48119115223589,3.28905980767385,3.61187884040228,3.56922065037222,3.48400484611003
HLA-DPA1,4.06066660779262,3.69955287051812,3.4972740425534,4.07181696867794,3.66366682109997,3.6927369663103,4.00742786929727,4.1655485818832
EDNRB,3.67013457405737,3.80858094495865,3.14422320567604,4.11328690473378,4.14507480528954,3.61302889914503,3.72300850444378,4.0781471187671
KLF10,2.9383450716589,3.14278040545742,2.26599637049508,2.81553126171755,2.34915120421503,3.52943972291167,2.61204492783284,2.82825956835393
PIAS1,3.66119647767173,3.51197034479285,3.5535718730131,3.46312924301518,3.76861531313691,3.81655175928097,3.6045307085738,3.59163816498194
LYPLAL1,3.70224600826355,3.79489022759569,3.91056629944327,3.79746967968142,4.11215130221411,3.70452800011598,3.54608505610068,3.91089391461539
TNFSF13,3.73143484135253,3.23426589700571,3.48179049805504,3.48343280613617,3.41224931302558,3.45757536128817,3.4559917104594,3.6353923544021
CD63,4.66833050799041,4.55436242686219,4.38040304893668,4.73915826209291,4.4087151728641,4.36560331968688,4.52711300203276,4.45804701830069
CYBASC3,3.89783440367344,3.73478447304837,3.67524880274018,3.78344103800035,3.81694011733847,3.85352214692832,3.81830357125731,4.141101037627
SYDE1,3.42536774164732,3.62566396370247,3.27776777732362,3.64730559229052,3.46531264474818,3.56764253285924,3.56572246886272,3.47284739304961
ZFP36L2,4.17435126607144,4.42593451937689,3.77862900096952,4.47770808212003,4.18870849795609,4.38019555254006,4.18566834538543,4.36932753468235
AI267414,3.59813671347281,3.49609400339896,3.51055224838766,3.52853671915857,3.98266382061519,3.80996056182828,3.47739376137674,3.6498609515882
CMTM3,3.89346714060107,4.06015852729446,3.41856427478786,4.10249616961337,3.78744134530266,4.0846951475455,3.87214338945915,3.99302563920517
OAS1,3.69349057214499,3.06874043934609,3.09636002180387,3.34613870878497,2.91666025522144,3.17700058764595,3.42822585668219,3.22047629734596
AIM1,3.44935465005762,2.85494516861466,2.81875490893677,3.21911330475276,2.77122799203388,3.51611369868503,3.27992393201204,3.32574116701725
C1S,3.89188442012366,3.13517496518796,3.56568433740305,4.01202990984113,3.42778624631424,3.80241499355759,3.62231931883872,3.90360399593463
ANKRD17,3.63177291658777,3.44349673929978,3.63035636819689,3.68362556188027,3.68175069159623,3.63559059826052,3.59888195058294,3.71177552017002
WWOX,3.65628587637831,3.68448880670699,3.32677873832208,3.59732851295701,3.67953681999851,3.67219450080502,3.50544980942296,3.57832523566054
DIRAS3,3.1635975383197,3.07856737144086,2.96532825378335,3.0970048525668,2.87905916084505,2.96568889145472,3.0893624340514,3.11736974667996
SCAMP1,3.57498670615165,3.26241074356026,3.43288915534841,3.47147228719756,3.53330511241281,3.31640085981507,3.42522224460316,3.34531235639289
TBC1D10A,3.70340281840348,3.5599224172756,3.49399866544634,3.63416438484097,3.86624455749343,3.71449489439427,3.80247412976818,3.64133904176644
CALR,4.09742724492996,4.13503776437115,3.94469049155074,4.37925613774614,3.98026532448367,3.93872316549842,4.07389573349044,4.09068867642932
ZNFX1,4.02701044022306,3.98593278088139,3.86799180132725,4.21870430635668,3.88543303102022,3.9677924320472,3.99044000076193,4.05975473794323
PUM2,4.03502451455227,4.18728571523043,4.15859260719554,4.0911567224162,4.21455012330325,4.15286877932767,4.08750411174757,4.08092980997442
AKAP13,3.3760993355405,3.19820386491259,3.3761280149555,3.33467084412316,3.46878731071696,3.71634905474051,3.18340281710926,3.46412783252862
RASSF4,3.36207173658019,3.23684146335509,2.88582467249694,3.19294583268453,3.82272850690592,3.02693550534329,2.98195716078264,3.7345366938022
LOC339803,3.52273405768936,3.45868542998841,3.54621682041027,3.43511159259422,3.36229374938647,3.37912904410084,3.57219024753179,3.6781092029465
CAPG,3.20422365808772,3.39281157780875,3.2615257456022,3.3213050739054,2.97340081890396,2.83015800973786,3.16600093613726,3.35535495693565
BF677084,3.50906575854283,3.17644925964313,3.05800253277667,3.63126189548943,3.5881859602416,3.1103118749761,3.41428829303488,3.53009489119601
SREBF2,3.62272068060845,3.55399740814329,3.41765035658693,3.51203981243779,3.69322898316991,3.56000148947462,3.75952582605819,3.4936799515401
SMS,3.40580619896482,3.8503959996832,3.50819211740812,3.66738710325074,3.21634301607306,3.50230596497179,3.52006646224101,3.54657881205413
BCL2A1,2.8461273380715,2.37521903465687,2.2605841253762,2.73162341067441,1.29411335636204,1.99333921988078,2.55426498924585,3.14633303632478
GBA,3.31971281435783,3.21125139749296,3.29198033979593,3.28216288183823,3.22659165740001,3.2205432109654,3.29846662249242,3.43956083590595
PUM1,3.86052474299766,4.00579487052145,3.63884952198709,3.92713328443752,3.95820138991981,3.8386910165462,3.72267743205519,4.04263102613767
CCDC109B,3.58205870161084,3.50999576306959,3.19802470080367,3.63746090901459,2.77379741187509,3.21744761988365,3.3002617009866,3.56520274296753
AK027219,4.04246989871089,3.983539374434,4.01378152572517,4.18832556266535,4.39593124012725,4.39866531721202,4.05837731544759,3.92878592749114
MAPK8,3.61608988668682,3.81707930920827,3.92186338194228,3.59110903642003,3.80629287587257,3.90297216863389,3.59856914614292,3.86059066250108
AU144267,3.51990028270154,3.6923883335957,3.51541229305967,3.3165802371323,3.76058614239536,3.81191647637225,3.18215633876527,3.81068855659455
RRAGD,3.4241896430911,3.82210293030943,3.45837719413222,3.42956189136432,4.01059894009603,3.78663495600021,3.48343480359824,3.80725528481658
SMC4,3.53883352905774,4.13693683633125,2.97561467921305,3.71467605114606,2.94046916816265,3.78999140561709,3.92116927919383,3.77807393908495
GHITM,4.12860806117151,3.83527465430703,4.27058572646795,4.00933015194863,4.12996639304301,3.81392868520482,4.01288625926531,4.1108357408036
WDFY1,3.69551459756603,3.42995339733996,3.29394873276319,3.63236100784039,3.65602849838672,3.61250846909473,3.6983426908397,3.54259963469514
PIK3R1,3.77642730330009,4.11319090369011,2.9392715842386,3.19740076523049,3.80440504114382,3.91157161637468,3.30620514382532,3.63671381113322
CD58,3.59509315506166,3.54559914625763,3.18230107043219,3.56972997873184,3.32166573364614,3.62211357427364,3.35372124487788,3.50910946846755
NUCKS1,4.67525684783338,4.74310601248797,4.68947499604887,4.67761529182439,4.55971988612358,4.49687324145179,4.69305168533171,4.63608480844087
PLCB1,3.87226305525595,3.30233395964229,4.15043475868563,3.7508503731444,4.1587652641973,3.9353990817884,4.09701520376316,3.8997200123431
HDGFRP3,3.80392577780959,3.89680582853762,3.78254543047141,3.78071807532887,3.90465177556668,3.7128355836463,3.848552417113,3.7104831020522
COMMD7,4.15849170563891,4.39476905511289,4.35894361871254,4.30543802619938,4.03464521854501,4.27221245640851,4.29130063688168,3.96283960612049
GAS2L3,3.78558741627024,3.88226228836048,2.09898272382889,3.39889042032179,2.43839835115366,3.35138732117704,3.46899843153969,3.15463422178454
LOC283378,3.71726946908402,3.77261673599935,3.95524558377163,3.55511150549181,3.58429751999836,3.97422988559564,3.77127652937544,3.63355762829101
PITPNB,3.07726431642278,3.17128198836907,3.19374469544832,3.29629654155531,3.4018883310161,2.9362527858109,3.04321290219655,3.08113370915989
KIAA0999,3.51371741709507,3.14572146988292,3.11375656551758,3.33963644910856,3.43283032646109,3.30254802165663,3.26521204950565,3.48962693983803
PHPT1,4.52021999391177,4.35382309466297,4.45737514119516,4.21872094664867,4.28310011737241,4.08138162507522,4.71251741524589,4.36863650463976
FADS1,3.80043682670691,4.05923221309209,3.86153154343071,3.74164016139777,4.02941068687411,4.11798914448089,3.99392175154985,4.12538948486203
ZWILCH,3.73816846953959,4.20736832430073,3.78061142363329,3.70250558363037,3.71343030890865,4.13852799907078,4.11940229048184,3.90152550379
AKAP1,3.22880776780762,3.26920859797348,3.10588743129674,3.48030164549091,3.48429328928225,3.0348509605015,3.18401647281315,3.36042545641649
NCAM1,3.66538499838244,3.04368915317582,3.07414290841634,3.27977117134008,3.54801983418515,3.30925574641485,3.47022388362712,3.70580531797816
KIAA1946,3.44006705678945,3.07733083421486,3.21846906935905,2.41565598981471,3.42186146608399,3.13775846268813,3.03277947646991,3.17403362709441
KIAA1462,3.03120237798006,2.06289396255238,3.1662687406534,3.4733158462266,3.11912518525398,2.75954093663092,2.10736940788287,3.23139337831558
ZNF83,3.51452783043813,3.69872794800754,3.18048515252838,3.67334166864497,3.47267396940211,3.78471647730348,3.56588628979591,3.55027777417842
RAB8A,3.80330850141978,3.75091110685119,3.74767292759124,4.02586394368915,3.65054374616523,3.67253304314287,3.81000542884046,3.81244259362784
FKBP10,3.22669345530718,3.04216228335175,2.12334848231362,3.28846900078584,1.80420760508204,2.67491530939847,3.15743984331524,3.25867008101369
C12orf29,3.20316647460653,3.30701633764866,3.35301498609815,3.50918020197921,3.3143703730752,3.11546905173815,3.55803801592349,3.50347608002785
USP8,3.47783060181755,3.48289501208414,3.15636770311547,3.58067412952929,3.53609739128478,3.66452887505945,3.3138206260831,3.53766826169828
CFI,3.3119766711079,2.64498677402371,2.94453202099198,3.19936978929757,2.97609216912939,3.38927030253451,3.36249887358216,3.71312136191786
RAB6IP1,4.26578540985887,4.23416028646322,4.13034460963676,4.20163919650264,4.34843949294306,4.21837772315768,4.29193071612762,4.11736258735797
SH3GLB1,3.68820368892702,3.75286277392181,3.30631520686426,3.81218747858105,3.51191716781808,3.71461019994031,4.00257475440985,3.82174646524203
TJP2,3.58031356954021,3.94678920378246,3.66308663804387,3.20961526601789,4.13591968119249,3.92081060651147,3.60678429801278,4.14669057887938
FXYD5,3.92214918162437,3.53115166784714,3.39271066760571,3.66182801330731,3.48935046337998,3.53900956881986,3.62223454522781,3.6297098313451
TUB,4.02383756014633,4.22041946494947,4.32760374614881,3.81870289348042,4.33895902809823,3.59087982553096,4.21955791241971,3.74261956842499
AA088873,3.46438878658008,3.33660340751765,3.3606189706838,3.29423909910728,3.3699127674611,3.46252572159605,3.48861585578741,3.50469957146823
PRKCA,3.93736922352039,3.98069596212443,4.02416869769913,3.86275683773842,4.15380931753046,3.97408026969646,3.89059822174377,3.91510348513078
RPL22,4.14569302707055,4.33033908451158,4.1527363235119,4.10122306201669,4.54986694311119,4.4318259934595,4.28579914144051,4.29233288593885
SLC1A1,3.42513152895346,2.97404767553951,3.87100161444562,3.1081589512564,3.61612383982886,3.58759120891943,4.1407979368195,3.4530044335739
RABGAP1,3.99104629374948,3.95497367980315,4.00322845862751,3.67753505095961,4.13920909548064,4.20265325769759,3.77026730811564,4.05202328759305
AP2B1,3.95364233424339,4.047737076798,3.63457167612406,3.93266651617604,3.99355098371504,3.80307871859526,3.93548761632592,3.98859021247172
WASF3,4.2265813731958,3.80046309293519,4.30080482075454,4.19243904151815,4.4342803536344,3.98599544466361,3.91837024372468,3.77706197782228
CAPZA1,4.00358731208099,3.99023919541751,3.94813033788658,3.84863144082126,3.82695520342231,4.1108200945867,3.86674898207101,4.01874991557155
HSPA6,2.99527708305531,2.61317031273957,2.60702802521387,3.21950750938706,2.50482820979963,2.14968395930152,3.0142079358597,3.59299681035729
BF435290,2.2724844437584,1.99143430985104,2.11424391368891,2.33433510821316,3.32658018526418,2.91555389535475,2.49701539202195,3.30580198486246
KRAS,3.90122699935218,4.04039115362529,4.08701956372969,3.78763019169145,4.28525105719694,4.05295590134628,3.95427276423437,3.73878357000501
NNMT,3.08125799096567,3.09297244843951,2.96415068925383,3.64797766357932,2.71056328268061,3.44284492458657,3.19584764460578,3.03163625760575
MYO9B,3.57196909762998,3.49172802779144,3.37357508376303,3.70457524820912,3.56042722697832,3.51037058718478,3.61481551460503,3.56892943762359
YWHAB,3.80887878641379,3.60211546890447,4.30242052785895,3.86989978438195,3.57037444296906,3.72838267990754,3.59948875450738,3.43188219523319
RNASE6,3.32224659238629,2.85651924286968,3.07715306718483,3.15188046661019,2.86716921312365,3.4889640865019,3.16703096051925,3.5930724124947
sep-11,3.94352078052987,3.3859416053161,3.18068287197489,3.59293361372224,3.86677867058566,3.20780476694204,3.43777338645619,3.47080623310657
FAM20C,3.95400527161226,4.01808081273934,3.60711184863994,4.30006405019525,3.45819365969354,3.59356372728986,3.99132280623092,3.86607829564127
ETNK1,3.60848474154776,3.54621570916339,3.24186187700087,3.68407659055431,3.78246294918145,3.3230327312222,3.59773970979457,3.639036023836
ZNF710,3.39901693866334,3.69560056584186,3.57608968601685,3.38548258035495,3.66640574211228,3.38959467214415,3.35746868273571,3.65226607242019
PLAT,3.43457097970139,3.54246988173621,3.00560472940249,3.50468489857249,3.05998085175972,3.37220551608799,3.72579643101834,3.26181413226091
NR2F2,3.5969211013499,3.68491669134696,3.66913754595121,3.35798646402266,3.22407418250034,3.06405570618131,3.11593386577837,3.34860642745079
XM_168590,3.37940034498132,3.77193661321132,3.22214787547736,3.52558299858456,3.36558175991057,3.80187856710963,3.44644908769504,3.36218266285703
GNG12,3.79185787983086,3.91078566146102,3.43602088164028,3.71955127931851,3.65830709346353,3.7062312536777,3.92306461484967,3.98349101692729
KIAA1704,3.52952095127143,3.44920786441823,3.72247942440515,3.51792579661228,3.62091146843858,3.30622424058249,3.43132982352326,3.26741439599589
MCM5,3.30490351429382,3.72469570312047,2.81716195602228,3.36337577979848,3.10439184287617,3.32478479363321,3.80843690937485,3.37071584871611
CHD9,3.34320646689339,3.61949059096877,2.7670170181316,3.4231930998538,3.73201487372439,2.9433342227612,3.4268826113928,3.39545727337307
C1orf192,3.40583281169337,3.39494978301637,3.81641895971143,3.40053729866459,3.68556906102838,3.72143153406223,3.39880564974567,3.55925121944652
SPRN,3.37448310717671,2.50587816792151,2.91091348262608,3.12719100050487,2.71308798316197,3.21379444856153,2.81414233983669,3.31766602438365
STAT2,4.59315041744388,3.99795108054602,4.15042830850209,4.49823168426547,3.93476329010988,4.25343314223398,4.18953946732604,4.11531365898743
RER1,3.49126922129392,3.60672039093901,3.43665504545672,3.59348411331987,3.48517722407497,3.51841311921457,3.47393388087853,3.53067229670171
TYMS,4.04959666316955,4.50643304990885,3.43710323545533,4.02359712383444,3.28503133679571,4.30395534381839,4.37638120671582,3.84902517563401
BMS1L,3.3486144066214,3.3281154802504,3.38985066622807,3.36539662368397,3.53263693803794,3.38935536005465,3.30852727819481,3.44222115359503
IKBKB,3.4797895975332,3.69095383854986,3.09637080582155,3.63810910791388,3.61248048612772,3.7224751457196,3.39836957397745,3.70382699288671
ABAT,3.45057209096342,3.3714729532018,2.99098448759913,3.56944133123355,3.46506727839983,3.33134488410788,3.51640433865598,3.31062598617112
KPNA5,3.98412302883914,3.82434364275804,4.04355623267436,4.05207922465753,4.22000185603666,3.88128637296987,3.87763644952868,4.01027603585529
TPM3,4.76704070709907,4.63082527093554,4.71839820982436,4.67126901579242,4.61962584993542,4.73828752885094,4.78240847857765,4.78271322544893
LITAF,3.81108219084918,3.94186344611289,3.77261255726734,3.88937505005111,3.52854584980185,3.93153231479088,4.05430016559135,3.98729284351613
LOC283130,4.36443387951419,3.75805630718509,3.07478902219876,3.97659984427347,4.47056348152609,3.61103458063615,4.11438547282012,3.98889912500734
AP1S2,3.88436527312749,4.52784168698899,3.52574533564521,3.74942825909478,3.87232313801666,4.09846931551024,4.19286221637918,4.09593112266932
TRIM56,3.49418243251606,3.61553743368304,3.16953983480472,3.6990147343641,3.27008975238038,3.24967031963843,3.25284332596683,3.48441331065358
CALCRL,3.54876433434961,2.87673729714066,2.4836757157439,3.27835340854995,3.86199850544301,3.37216772829304,3.49868388653396,3.80419322152323
SMARCC1,3.39486109052934,3.48185551359264,3.10240248749943,3.49917304663862,3.62636839540525,3.32710359637122,3.53397391138997,3.36789463382602
FLJ31951,4.46359918119214,4.57391874192747,4.60452178038067,4.54049565137236,4.13260839430279,4.48797907400232,4.45505624139788,4.3807537708039
NDRG3,3.44289567727126,3.42218095761482,3.42941536932117,3.56433471437798,3.48232765818461,3.33574947215726,3.59138041357211,3.51923308853009
NM_020037,3.24480562377446,2.04709565959736,1.68716317942126,2.92307088823451,2.53534223163522,2.93455955116898,2.54300582702158,3.1127762058096
ZDHHC7,3.86265293526064,3.96201706858137,3.77349330696804,3.89806506800594,3.88083210654564,4.04763220506644,3.84305703085851,3.82606157920484
SAT1,4.44432590278805,4.06500407058638,4.31668317798346,4.32693238064119,4.37776058339697,4.49928224422647,4.40136994951744,4.33573088881332
LUC7L2,4.03609891647057,4.18647860301262,3.91895176233185,4.05349032823296,3.82550751601075,3.9276949358835,3.99067110948008,3.97262544476509
SUMO4,3.74705000412463,3.77187346257597,3.45175190543838,3.64595282592804,3.82184773447583,3.8409191956617,3.63801896599245,3.79951981402975
SULT1C2,3.9351015501238,4.13594610374351,3.96222216210379,4.09737754852965,3.85832119965573,3.6831471306808,4.03481576837884,4.00515068591981
SYNPO,2.96673290970142,2.90798985546119,2.96032138879093,2.81726780566879,2.37714591142984,2.86865207814937,3.03250271862288,3.05738193216928
XM_496931,2.87350776739997,3.10973307020584,3.10948202629461,3.50457266169462,2.89765182887917,3.15278902352667,3.30038480649536,3.45538548667431
C1R,3.74558751868505,3.33980926381765,3.3217088022088,3.94298632167852,2.99018917946844,3.49583464891182,3.72613411040518,3.94308787938165
MSR1,2.7426489463864,2.61630533373969,2.28008643773262,2.85570991259916,2.83794683575706,3.29527145921473,2.74801815362426,3.19048633551006
CENTA2,3.45330167138261,3.29320096268507,3.21693533396926,3.49493325926915,3.25059051481037,3.27724076716871,3.27313651925696,3.52518661020135
ZYG11B,4.17107147675649,4.2659553636276,4.49049379328962,4.18826444748055,4.13578729017065,4.32193339351801,4.14909844827114,4.16356195807834
NF1,3.51636347296142,3.71804398537463,3.42856126269175,3.60829973501544,3.63208438801288,3.43351206005093,3.362000034456,3.69645442161348
GABBR1,3.5878953046596,3.58146221090847,3.64939805077793,3.77363521983566,3.85110705331888,3.81421149183721,3.68367963808244,3.82831922195266
FLRT1,3.260793100835,3.04748865123325,3.33174647169984,3.17711700844027,3.40090305771145,3.40550788836359,3.48889646337117,3.4309373028513
IFI30,3.73848850029042,3.41874878184015,3.02172294647687,3.78501809906601,3.24951509333053,3.35663936681779,3.76166598060442,3.65227148873074
MRLC2,4.0386799577594,4.14440761828108,3.97993842719719,4.08577071307996,3.93567671845074,4.29072018841873,4.19138133730928,4.00868442523384
GNG5,4.1811878799646,4.31669111644553,3.9499032930252,4.2477369409687,4.15767062892418,4.18201332962515,4.26588353342855,4.3221138931504
AAK1,3.48365204409453,3.41533332908503,3.78716139558814,3.36536198377549,3.43338447659475,3.50765540257778,3.5615453539914,3.3635563264707
COX7AP2,3.82398751481876,3.66297030076077,3.90071917417338,3.71387309132269,3.88011066669242,3.66225375766308,3.80172317285448,3.77666871962565
RUFY3,3.48086863664511,3.14431355271618,3.5399374316039,3.2953860878864,3.69110537324032,3.2356291814439,3.61171183993318,3.31666256662875
SMC3,3.28209279847256,3.46712545247246,2.95587431738721,3.24331938036894,3.56197648767601,3.12996655402891,3.22365166718718,3.40265267315522
CSTA,2.7658726177669,2.55573271884119,2.34492646130708,2.8032433300619,2.69172670500973,2.69611776706653,2.7823608111944,2.82040706008909
TNFRSF1A,3.88470821319639,3.36758754510303,3.45956993921136,3.91774905577369,3.59887659136868,3.18935582160541,3.73304567710486,3.90684807904546
FKBP9,3.76918162789514,4.09405903474633,3.68897043943332,3.99714828731752,3.42113631513318,3.43582128153667,3.83937357787397,3.63030285752029
BCL3,2.6890689983991,2.74704261723507,2.38557052772547,2.89297399327027,2.61613718909888,2.89004580966559,3.10268988443696,2.75139536229834
D85181,3.8693155774202,3.74612169379147,3.93713297469331,3.76147881035932,3.7486061443194,3.71704881746336,3.64838538474874,3.93635371770679
LOC143381,2.89209961375175,2.23693006488272,3.2118368299384,2.2058509919301,3.47385104086036,2.43589530663102,2.27063691830052,2.8026129723898
ADCY2,3.06869854617245,2.72587979375059,2.74227489667063,3.04471336508971,3.15403424192887,2.99862371382455,3.17853437424042,3.40672578037141
LYZ,3.29773053608788,2.79366608327421,2.72773477586687,3.08493821786277,2.35040503393365,2.13677445436926,2.78437975631781,3.10465915617594
GYS1,3.59424057597311,3.53750427484789,3.4021210095547,3.76387770470394,3.57505279993106,3.52169093388785,3.6619836257757,3.81490752809418
FN1,4.41274713760871,4.37923216202843,3.92520690935165,4.65291232221454,4.17917613060823,4.63849644521761,4.51675495107886,4.55006421989761
EIF2C3,3.43157908866396,3.57502044758951,2.82202089138908,3.22047316051707,3.73333804681865,3.7679732774587,3.12663816734944,3.64523446024967
MSN,4.10126667930821,4.2918697763601,3.54972525886388,4.30720164481185,3.69215555033119,3.72501411599747,4.06545370250361,4.00329755493295
SDCBP,4.22929292732473,4.23586963801206,4.20354114397533,4.33246508236133,4.15628343568913,4.34673011864923,4.05340273651115,4.21308117127981
ZNF24,3.31436152868997,3.33808818325166,3.02208591481507,3.39940683387844,3.69359250782074,3.27101891970473,3.30965315887811,3.76785388792179
LYPLA1,3.55384117222592,3.4988319455495,3.30721033650437,3.68576546744632,3.43878956521376,3.54067427033172,3.39556488369826,3.5434931544603
TRPM8,2.65026574335341,2.81847662958337,2.58997639501734,2.88066499243293,2.68759762247073,2.97742406739876,3.25511299322862,2.55688840292283
HADHB,4.09249224677062,4.15197636609829,4.14676213881347,4.16442183173841,4.45581830980192,4.38170389528803,4.11886435278665,4.2327642978257
EHD4,3.44123483807748,3.01291395733939,3.12639054234945,3.30117502580225,3.00268862915276,3.20269887431273,3.69404701324299,3.27581401571166
BE669703,3.42501304797225,3.16811546640503,3.15084421065255,3.58548453044998,3.6808137898938,3.54337808510578,3.43176779173346,3.11966227264313
LSM10,3.73891629392162,3.87371977156877,3.8557756589042,3.77666770280552,3.69147757199972,3.53872751920464,3.98581411208436,3.88785969501256
BF941414,3.21752763467315,3.36163076979557,3.63537867907563,3.32168623315813,3.41825553880411,3.14204953210183,3.26897020410749,3.24976416186294
ATP6V0A1,3.81456307732239,3.34599071571051,2.8665088613955,3.61149091422057,3.4936388415918,3.02008727575712,3.19224258662931,3.51868525499808
RYR3,3.33375731656574,3.36529850131273,2.88532615838463,3.13297683598569,2.91737315297792,3.01895999943304,2.87302224892986,2.60660168141822
NIT2,3.47802783852259,3.38370731730187,3.46454096223403,3.44115432624907,3.38707288933626,3.42577705754079,3.80977734599779,3.37054010494681
HLA-DRB1,4.3548014120006,3.9462058656563,3.62292292992444,4.32382956500892,3.97438318150864,3.85206312711421,4.19388130932935,4.43678060752627
CROP,3.41432141717754,3.59654805606318,3.19337035062249,3.42741566847875,3.34535196627222,3.29691122076588,3.37494877155393,3.21442338522217
LCOR,3.44304789974857,3.55746870318153,3.74444742364223,3.16389690478043,3.56473575878216,3.50868926763307,3.26150196239293,3.44367423779731
N72185,3.15709697374266,2.89137296327383,2.09331660120433,2.94595381776676,2.84091994736419,2.86150991763225,1.96033280885273,2.99582597904911
DDOST,3.6301675254396,3.74246455499267,3.5883080179468,3.66971277291595,3.62256131965166,3.59520115408981,3.68532990386307,3.77144033962077
FOXJ1,2.92996783346991,3.28332090722642,2.58085201719379,3.27943719077416,2.78106354193847,2.79894191860838,2.44526472942225,2.8816208578564
TNFRSF12A,3.62434089182099,3.50796375754458,2.83472898783038,3.59021478607676,3.11035465635383,3.01289456465712,3.54190771090021,3.49544928186662
C21orf62,3.28594462593396,3.46713804379905,2.36238067505186,3.62989846585222,2.57091753239597,2.74808719694039,3.40268016715176,3.07069749303107
BTBD15,3.8666972141402,4.01780319518226,4.16667072980268,3.76189988638828,4.12354223473743,3.93832855350765,3.89962267288685,4.15905268271293
TREM2,3.61863164742706,3.50397770253836,3.20079032718115,3.62846311143073,3.27953097764545,3.07970606322684,3.71869072774493,3.83843322781595
TRIM9,3.62036303688786,3.31322225711599,3.82452133706686,3.4575205405435,3.61482711187276,3.53297898233062,3.56738565797065,3.54575936379619
KIAA0907,3.78273204837061,3.70018259729133,3.19045580460075,3.54304115177686,3.70786931046865,3.60968189954594,3.48894774521012,3.63130006276644
TMSB4X,4.69762146092798,4.61425658104406,4.54782189697764,4.69306999948327,4.45061430111606,4.67363620105093,4.64679823537825,4.50756537721891
RAD21,3.68561098284967,3.70743620539335,3.2266849515853,3.76976351391801,3.85212020978088,3.41221619855763,3.87251912136131,3.84462912116547
GCSH,3.93324962629386,3.7241146590713,3.4888672976462,3.88832711771286,3.9704196865245,3.92461413241342,3.74059296243612,3.73312541192422
PGM2,3.49071846189192,3.58650280029654,3.21663057311452,3.59577258325708,3.41809967884652,3.67008314776496,3.74928749307812,3.79902305377758
AF113008,3.03634699147699,2.99570055319221,3.24498848388332,3.18743244292166,3.29030022925584,3.14478958916203,3.03905582720515,3.45387568366563
PREPL,3.85185164219002,3.32761534788805,3.24625625369477,3.703050256258,3.42872377097588,3.14515972113687,3.7800500271663,3.60200646123421
C9orf80,3.86355351036834,4.10001248375168,3.78196249449125,3.85207472740791,3.89727423489646,3.78350667566719,4.0544114859562,3.99406719642024
MULK,4.05813714534885,4.03534355119811,3.32025266483971,3.86271853255035,3.94783014098227,3.81691641784466,3.67120358486111,3.81817678520009
HLA-DMA,3.79086681343004,3.44538014915881,3.31854371625142,3.74610057629321,3.6091768803979,3.53287764509235,3.76706610261338,3.96686740735237
LOC400924,3.76183345552366,3.60888465977398,3.74404219369505,3.80230333831867,3.87260479259607,3.74756786170887,3.75209102965094,3.66179764108875
RICTOR,3.56789573212803,3.71821012378401,3.09880045880703,3.48773593252208,3.78368330468891,3.56954525239317,3.64577476944405,3.8161542997728
JMJD1C,2.89872737499043,2.94485265185328,1.92054071650248,3.02623246353908,3.31414520634461,2.62130925111494,2.3797241969808,3.22499482142531
AF130080,3.69388121035266,3.14576090170507,3.1451205456211,3.63198396718736,3.37321682222574,3.16082014626356,3.71485177304187,3.5265431928112
APOE,4.27035552155842,4.12124393847272,4.07129818827956,4.3503421375861,4.9046078506924,3.66252013203304,4.31177087235522,4.33836890869357
CALD1,4.04096888339908,4.08910191301266,3.76133158930112,4.14706355238209,3.7194575786938,4.0235561125991,3.85159403257431,3.99248883273832
ANKRD28,3.92428197454321,3.93269065480941,3.91087722512488,3.95128514769076,4.21614858296314,3.98318306262161,4.32070012582156,4.09334798894284
PKNOX2,3.35916303828249,3.23942912233479,3.57357878677457,3.37685806261456,3.4965525887481,3.50019488268615,3.44304163650164,3.58779085887673
LOC92689,3.30780122042723,2.80231525140434,2.2078604755152,3.18807338947435,2.47470420681563,2.47472167519504,3.30125837450309,3.48667497519871
DDB2,3.2463486199085,2.94116097363766,3.05744852188066,3.05322638587124,2.94001765639144,3.12731314491242,3.30216852501212,2.90662644937057
CLIC1,3.85006227102711,3.72140027272023,2.92645357886063,3.95796582699806,3.38077509643464,3.52822410390567,4.02619950990111,3.88242520236582
UBE3C,3.51811512712636,3.81526745561786,3.4254246549174,3.68556762773218,3.32849968047572,3.37363204015142,3.65485778222641,3.43596820503716
HDAC4,3.63413130904472,3.82428786649952,3.8604770783411,3.51381481043909,3.80754064274315,4.01957536090043,3.68111771731846,3.8144579644463
COL5A2,3.80173674722006,3.63911867738204,3.17077083255255,3.56776075005392,2.97341605556527,3.19157116941669,3.12027442797239,3.58500645686623
TNFAIP3,3.59508399762703,3.24564417003874,3.20624634030352,3.37747254089853,3.27108453146563,3.41214239631931,3.30219256458489,3.81042206028669
PSMD9,3.50215908578881,3.67554995634878,3.56864869991378,3.52752498739663,3.44764556335826,3.5639488272565,3.60067684324933,3.59991787970886
CTNNB1,3.52995045183654,3.50411607777361,3.20737392802193,3.59992278965231,3.52559439263894,3.79139475090061,3.34562815454666,3.33707431581186
RP1-93H18.5,3.44512029472635,3.1465518863225,3.2210183669458,3.09873957147232,2.83550476783494,2.78263957328503,3.10314117321876,3.38180488926882
RRP22,3.49405338604444,3.09721217682665,3.73888618697814,3.16954453766535,3.8643706839487,3.3482680535703,3.19863289772737,3.26716304242652
EPHB1,2.14091323737389,2.45011510317947,2.03672867582944,2.00522342485814,3.24198503597204,1.89518488989698,3.5639669622685,2.96374061885788
EIF4G1,3.42850605430821,3.4214351114356,3.51096114369695,3.58007893071146,3.30892023983997,3.23376141940407,3.52883201744704,3.40199435977478
NT5C3,2.82075366751138,3.47697052838191,3.12207130789845,3.32975168012621,3.01091110127942,3.16892390803387,2.07320862574043,3.17020947953897
AF130082,2.923867545221,3.0093284941965,2.22111678121831,3.34902095562446,2.50635212300816,2.80610668060576,2.91163373938453,3.05204682672614
PAXIP1,3.50368121071449,3.55880813492608,2.71593986518698,3.58945909639606,2.78992674082004,1.90237824688144,2.56889486803793,3.16855611226691
TIMP1,4.41253930131536,3.96534034258178,3.59267274714394,4.43745106583524,3.32005817149801,3.30445627403052,4.15086513799165,3.56856250809489
RPA3,3.40326297386568,4.05469745420704,3.42318556017555,3.35953725292473,3.08834343696779,3.03771327665438,3.70493077312,3.51426649909539
CTBP2,3.84175309823755,3.97506450205123,3.52671485722088,3.88931700061023,4.19967656393433,4.0097628638286,3.91728336915111,4.11288067091497
TAGLN2,3.67364304227009,3.77681562511347,3.05650351499825,3.83769718761177,2.99544300967363,2.4761763608887,3.82438418506372,3.35324803022815
LOX,2.91662500056507,2.45917981235372,2.2023493423887,3.02551722510085,2.42741307137127,2.7829059857034,2.98517444729427,2.97517667174223
CHD7,3.49680224556062,3.3951547385546,2.50027765123784,3.32491450081452,3.62541905614272,2.37504876653073,3.72005340536513,3.39027787204719
WDR54,3.80574152245852,4.00131994110669,4.09871611373263,3.87637980453864,3.60830337384466,3.78901053804421,4.05914607512812,3.99810072220966
PLAUR,3.34059222564457,3.19238483286283,2.93861027714257,3.36166967442737,3.04356110400186,3.31091199728374,3.37049310456099,3.40820773132207
AL119491,3.42510166695952,3.53143727386901,3.02182992771928,3.29877232068178,3.76525611443897,3.65808498186134,3.45714478680094,3.53503409861129
TMED8,3.89874322198304,3.6054663409594,3.57013553940599,3.6405752423975,3.76655255740019,3.52288234990958,3.71928114130989,3.78373182756325
MAP3K7IP2,3.63921178087133,3.40609526913077,3.13327473867773,3.66474076161465,3.74165693071454,3.64657633132779,3.79616697380191,3.73435763192651
ZNF25,3.78136663278183,3.57021008675025,3.82705959860044,3.50724122046553,3.76222926039676,3.60701353424912,3.64948547240509,3.7015741152131
TM9SF3,4.20935276720807,4.10114875117929,4.376416439162,4.09447790679708,4.31212469609954,4.13386211392934,3.92633838152795,3.99142288171448
SGCD,3.45642221444547,3.1494020322291,3.36211305426996,2.93736842085327,3.78620672237377,3.62149399013495,3.56338306142515,3.61294303354711
GGH,3.43015538937418,3.6624138475553,3.21479829770118,3.25310625515248,2.79375477387624,3.35640584207225,3.44917482695149,3.44128467874094
QKI,3.83791977697174,3.59158789488578,3.6181601616234,3.47504369533173,3.69139281653226,3.90034090631122,3.60576775963048,3.66327933270806
LILRB1,3.23535747292921,2.65968901509798,2.74554164146887,3.17880290702016,2.86435798307051,2.39300278579223,2.61019048797089,3.32293157368721
MYL6,4.47023038461635,4.41376533300443,4.37124418699362,4.40743722107965,4.32531078239123,4.54196399814763,4.54403578127612,4.44284327972441
C6orf115,3.2096664550382,3.30269730478814,3.50781351917509,3.10039019132832,2.87823389383088,3.00191967560588,3.34282717588803,3.35904810809598
MBOAT2,3.79491272256259,3.85099946876585,3.79573400036713,3.70109924673095,4.04409795075624,3.91414103884944,3.86374867633951,3.73255900156097
MAPBPIP,3.45057670765823,3.64272877578792,3.47267031301492,3.38704795189292,3.42682312569948,3.10818772722148,3.48230348379903,3.54839113810766
TSPO,3.60145590205874,3.42349326937147,3.37881491411799,3.72862004060862,3.6359308800889,2.84938316988793,3.66166524639469,3.64998435389529
KIF5B,3.51027456429828,3.25102174186294,3.07008702226503,3.36901666730213,3.59558340265205,3.58670880012149,3.39696888356054,3.74054742276062
TMEM106B,3.85063416787678,4.08172903824787,2.96730689459985,3.68393301370351,3.91303751956931,3.507050872055,3.53717132462174,3.67023091234457
TCEA3,3.44502164019158,3.0290894129949,3.23740473161171,3.68589742988856,2.97042312681111,2.96533954294403,3.1954529569705,2.88954259907308
FLJ20273,3.28373756586773,2.75128449412963,2.96301816127033,3.21259107100608,3.0820903021509,3.39300366431109,3.10521510492262,3.34638290452546
GPNMB,3.97328721967128,3.61533624286512,3.69992960280492,3.57013694166847,3.44766152097367,3.61114006999605,3.84633036875857,3.42364540491343
RGS19,3.48750376470343,3.20661919979805,3.16434363436535,3.46297043991221,3.24448543320142,3.29218493873107,3.37494236083421,3.51432310987107
BE326808,3.76023545525538,4.13553945676076,3.42534409353955,3.97650193255561,4.24177517204283,4.10992183116006,4.22535043434838,4.15442549481654
TMEM41B,3.59846789323065,3.48370138233946,3.35397005779921,3.59690703827755,3.7230759704855,3.46393596858104,3.56350718974265,3.48419844466842
TNKS2,3.59491615067914,3.48351982989293,2.53165260010072,3.65875936134282,3.66269173836188,3.31761210251259,3.57098529795542,3.75429947483333
TTC7A,3.53102011089753,3.7697354713091,3.38760869831323,3.70621194861798,3.42029265011482,3.4134233275956,3.53083235908924,3.59926163020659
LIN7C,3.90282753955455,3.79685084773537,3.94809598143807,4.06724796146539,3.96895723791947,3.82967273419797,3.97576744126865,3.59421526016031
MFSD1,3.75077953211399,3.75749115316236,3.70006426273706,3.93401065659777,3.76135814844965,3.98166274945623,3.8349190614619,3.86678539891325
ZNF291,3.4773588935382,3.29594273962413,3.61085821156065,3.38646168775094,3.63136908017556,3.45485171723567,3.18722789637855,3.59108888229601
ZNF18,3.42742394665522,3.72276320460103,3.33954723391747,3.63656070729199,3.42184387407579,3.62585857751068,3.37135680297094,3.42754339453729
MESDC2,3.77772057870068,3.48421710192712,3.65830766576938,3.87584188613179,3.60268796121655,3.70024703534736,3.80571930974335,3.74930319616395
RPS25,4.54891295864401,4.5596391704376,4.68781507325501,4.64702415728934,5.01422558879133,4.67114563595272,4.61424264599092,4.71554319880123
KIAA1344,3.90223113529206,3.64972982860791,4.03122420350914,3.88511205127638,3.75069032844053,3.78949772296866,4.03787518314198,4.13476791360933
NDRG2,4.30923652679859,3.71582340822752,3.22544006739296,4.32258651121103,4.44072053215982,3.21674554264067,3.85747470458878,4.28970607141069
IGFBP5,4.57636323717458,3.95516806562833,4.12799946273289,4.19654173972354,4.20660219724408,4.51454593313525,4.29191863086367,4.16911878124405
GALNT13,3.36071380284531,3.51971317265544,1.97514678105217,2.15270103384031,3.81954163245896,3.3739530609562,3.93731102630899,3.69889738422743
TncRNA,4.22954861606444,3.96832764883851,3.88935936177816,4.27126974976109,3.75605866809894,3.68140533349316,3.94748798079899,4.285242432649
CDC42,3.63757057681207,3.66360699080689,3.39216738907076,3.51060398446525,3.60216540351956,3.71857915743584,3.64855135117952,3.46976268288254
DUSP6,3.88300865152244,4.00345057941359,3.46871056772708,3.931124291919,2.9429703753086,3.33494145531267,3.96868095103408,3.57807311245555
TOMM40L,3.20940347768761,3.46640907169233,3.73619301354528,3.05024438069545,2.50898733863692,3.4842726416932,3.31605446875212,3.05108727686442
SEZ6L,3.9124441437574,4.34194382440478,3.78764031879134,3.4307397012916,4.41412179759466,3.74251790848519,3.52512880572627,3.42590559212236
C1RL,2.88783045735476,2.59304447892709,2.55488148319865,3.15390201926319,2.37341041941962,2.78071469338976,2.71584546560123,3.18424413270209
PSMB8,3.75816447495905,3.09454204946349,1.97243890447114,3.6725561201635,3.0938445660941,3.24749920962192,3.7972552806699,3.73414285242097
MAN2B1,3.35180480723964,3.43151461507715,3.03785460481989,3.56018984102561,3.34816481458062,3.24950531343762,3.12586886723339,3.51812434779922
ST8SIA4,3.28315847617283,3.02420562578876,3.15217088548575,3.21371161890301,2.38823445480048,2.94861294950559,2.93321235013642,3.49807459196669
SCP2,3.84944244860761,3.89681700923596,3.62490317747248,3.81076383384158,3.8353952142341,3.86397024953803,3.74874558225722,3.8613038211248
PDRG1,3.76593329684339,3.97182398506207,3.966433574453,4.04381637937519,3.80404574552479,3.52478000114839,4.0729660581827,3.81966249491145
SLC4A4,4.11431585058633,3.45119735999961,3.24734762817293,4.21386927369936,4.26524067655818,3.80233318888238,3.57945237794699,3.72825822672374
PPP1R12A,3.34168197224695,3.40006302776789,2.96386335025365,3.09433344629995,3.33658400034178,3.07317376659628,3.22665634693513,3.21284494292918
AI868039,3.58247438383499,3.5771841230642,3.42291076433414,3.77128601558576,3.60397642407892,3.72681047477011,3.58688648225242,3.55267356872828
HLA-DRB5,4.40146876446442,4.05484729592905,3.90531908169392,4.10205475053246,3.89108475274177,4.49812038768813,4.26910921298594,4.38047817838319
VKORC1,3.63804365194873,3.72422055498865,3.51471785122001,3.71060192986907,3.57567061360879,3.32983683393471,4.00115884395711,3.84722088623942
ALOX5AP,3.8826968554935,3.48122843841349,3.49741305021696,4.14344887773341,3.38436434753822,3.58968280229194,3.83923896248617,4.21054195140618
LUM,2.20846823026562,2.4271971324906,2.22224811685893,2.9519467552258,1.06673579535093,2.29481660672562,2.54071353663854,2.38624027373589
POGZ,3.61047065013483,3.43207927776547,3.19340401592321,3.49469170117325,3.69200146899403,3.80264505931768,3.12714401273785,3.65163674039566
BCR,3.61556385213646,3.45811698766629,3.78383207194267,3.67447984097082,3.90201693222354,3.10773148835533,3.5324645403783,3.40189538892922
CASK,3.63406383871155,4.13572908633683,3.38274320263786,3.70789713634433,3.9156342276457,3.7014944164198,3.98298957694782,3.95471278866826
ANXA13,3.10140506984916,3.30003845606476,3.23867098720275,3.33884180878129,3.13783751713958,3.69639946651222,3.0511309036951,3.26394387072398
PDLIM4,3.0082479097849,3.22039760837726,3.04721682774126,2.775434219021,1.88621991172664,1.93453379935585,3.35514278738543,1.75042353328732
NRP1,3.29870093757686,3.06053088812769,2.99715956578498,3.19916008239299,2.91009802415544,3.32088852362357,2.70760083109708,3.54000644985798
LTF,3.1063041323532,2.25213184334229,1.95341173032076,3.48828540563332,1.70007171374067,2.0899051114394,3.36360483559515,2.43212391810705
WDR1,4.06536819206069,3.95389570750195,3.89090746908911,4.03138341584754,3.89607372035292,4.12686064976996,4.08533835870031,4.07832625632395
FAM82B,3.80343068843486,3.64074491514646,3.69230966522317,3.75634508669871,3.82948350138198,3.97553294828224,3.79238867744543,3.58095609329926
ADIPOR2,3.92722542002237,3.71499310302712,3.93148889061559,3.706966939571,4.19764198886525,4.16227939314043,3.71164992692433,3.91112334341871
DTNA,3.58391641081416,3.28888611122245,3.01199395958933,3.74904955667005,3.81551811174595,3.16256978290011,3.37681520622915,3.32984049171954
BTN3A3,4.08777056031178,3.81230906665098,3.47823177231643,4.00792487260442,3.76937555344198,4.12550013351542,3.68048826028728,4.17007880369198
LIFR,3.8021303563612,4.04413949984907,3.38254418308709,3.7210509659938,4.31440181130085,3.62050905473281,3.72885232559305,3.88227305247836
MS4A6A,4.15108291270842,3.761504834032,3.65917993659121,4.04629189973416,4.01923176833375,4.48336617124346,4.0732708148435,4.44759623047788
ATP5J2,4.25158617498264,4.47611777357867,4.43394746642563,4.28605612355773,4.09302892642064,4.05487332345657,4.47990567726289,4.17304036176571
TRIM6,3.1791503428543,3.03752968042614,2.75554481887832,2.81709446340453,2.73539607514096,3.0929114397614,2.97301603147664,3.21479379537261
SLC16A3,3.07587638929107,2.84799749233367,2.95275855029047,3.13346066444872,3.03471506627865,2.83091763279235,3.1637271401776,3.31958154405422
N50714,3.19512082047795,3.12665471392194,3.73189757652671,2.75696075700224,3.72046171522015,3.38309890727874,3.17296206796323,3.17347327427124
ZNF148,3.64820822537654,3.65250857955015,3.14171904655504,3.75443465080729,3.67756014493149,3.24815308102718,3.62786326901131,3.53815570017122
CCM2,3.98347030996783,4.11950177685848,4.10415433202949,3.81386462164829,3.66944984545778,3.42647986740781,3.8014368468629,3.8474287135529
ZNF770,3.764460236968,3.9117693996228,3.7609433243594,3.63348946280459,3.82709956483238,3.62860990416822,3.59322069634975,3.79213629128932
SPP1,4.68447499463777,4.43314553700034,4.26516011983826,4.68872496684099,4.19116594661358,4.62749882867628,4.78970837315718,4.59650329988003
AV685992,3.64980988836856,3.71763622400071,3.57414104349767,3.4218816877925,3.71623930187077,3.67279807811218,3.54812028103223,3.64083647909959
MGEA5,3.61411668238364,3.43530992511376,3.26447119324893,3.54657128648937,3.64422513199791,3.26825891970638,3.51344308157232,3.77096314736482
C10orf62,3.21420809485618,2.96627223622756,2.98971138350964,3.20641080512903,3.40714419593953,2.47819841576098,3.21428658744997,3.41795603919516
IPO11,3.64430375013722,3.68040142325396,3.80795322406683,3.70853392097724,3.48067555788788,3.75273969393533,3.63309581248624,3.79447626547731
RPS6KA3,3.7245418549592,3.96091050989618,3.67228216296979,4.04197334334632,3.58623961743621,3.82050746027929,3.88213794061058,3.78605172985055
IQGAP3,3.00041932596767,3.22534392049956,2.33182193033427,3.08280905846034,1.87444702636079,3.38844420137487,3.3027200172886,2.90567717497134
CMTM6,3.8381129359716,3.95495537338487,3.57409299106371,3.95581297066808,3.84359265097997,4.34819454213392,4.06238964883263,3.93147012636738
SCOTIN,4.17261311716394,4.00741591509911,4.11303412440446,4.2137058839573,3.86491884160432,3.87733378986903,4.36244392563518,3.94296586861968
DYNC1H1,3.95038768831755,3.55777094667905,4.03837692072217,3.50850224645143,3.61643591618991,3.65785206248947,3.6559404659933,3.51651250177287
CYP2E1,2.60091738081397,2.08577563223176,3.01163302485572,2.56104172371601,3.39578805517691,3.46473926202247,2.86118181419547,3.57237582880795
MTP18,3.32923552255497,2.89351265075116,3.11685470364746,3.04049197257548,2.99521297802111,3.06794934813813,3.27264164318564,2.2153414126846
TMEM165,3.34403840554393,2.74558689453776,2.71334855515182,2.13586063749569,1.99893031932719,3.45145867275057,2.4431142846134,2.8132132503413
C8orf46,3.88862760288576,3.57006132988959,3.1977341933259,3.74194552915728,3.64379435154483,3.08827929363515,3.86075401113529,3.42481779391528
AGTRAP,3.89353201886832,3.64178841405066,3.08243384437187,3.87438955656234,3.32553988137828,3.18645737270629,3.73977828884216,3.58768504124125
C3,4.26773985984888,4.02058318026735,3.91635607649934,4.45320855977207,3.90793000062449,4.44748014285443,4.2202100567847,4.50306416405492
WDFY3,3.87102429235854,3.7479139472531,3.53119793982653,3.78870305871245,4.14397325147237,3.90049674211896,3.71943412966324,3.95798644684535
CTSB,3.91378239137563,3.9068554521962,4.22310882325982,3.68284669397888,3.94903281117268,4.19607759370213,3.62532408001841,3.93406570871274
BCAT1,4.43208159018362,4.1599674679294,4.00688088410261,4.5614335992109,3.44231213353806,3.82743660932895,3.83324384485843,3.51495807993326
WDR22,3.76769628201714,3.69070089759043,3.86698100602382,3.63668423732155,3.71042109569945,3.76475699572907,3.61291645518045,3.73048470624258
GPAM,3.79532397305779,3.56176865818906,3.57714985941744,3.51236442635888,3.88646348220962,3.35177737371777,3.55943774074941,3.69940729237207
ST13,4.17968817612983,4.08186480370441,4.04897994854106,4.23597165554348,4.41322899682115,4.10730699648186,4.20980843948759,4.09030028081286
EGR1,3.82451170921269,4.06409977322267,3.09250765486325,3.47773202214458,3.26542894555249,3.67315661447538,3.69214240348437,3.73540661796349
XM_376043,4.31350818875342,4.31454617050125,4.12213097769487,4.29797323047309,4.28617222150454,4.14462809414082,4.50126225086738,4.27819679865213
RABL5,4.06349255856718,4.48965827679991,4.07935597823017,4.18637744585398,3.82275901095092,3.92258061712878,4.18943784146776,3.97841248970168
GNL1,3.38743432144475,3.21854469514763,3.44663578856323,3.34161592087677,3.37048033586104,3.1731719860099,3.21483431464956,3.27123944756333
AA868809,3.71374533283859,3.74949854767819,3.53959192497223,3.94543736601639,3.57973525009278,3.87737929442283,3.35141207228157,3.94881205939342
C13orf18,3.57634031342728,3.35880465962485,3.08311078976752,3.55671235368632,2.83287088677366,3.1658711218805,3.1608657273804,3.21698171479267
THNSL1,3.4868877704415,3.80786671048103,3.55256553043214,3.44235306829514,3.8335167744702,3.4665428897945,3.40890836598694,3.63944455192803
SUSD4,3.17004833048948,3.04753964786084,3.22485018635425,2.99909833789739,3.32419867572242,2.22378399058884,3.41693775587387,3.27223043950878
CAPN5,3.59576520268169,3.77301236040558,3.43955073387952,3.62386018173256,3.32509327288664,3.51261903371399,3.93506972808277,3.58676593622966
ENAH,3.57574121769187,3.8174823366807,3.46817963673554,3.49380186494328,3.95602783851174,3.56756284148477,3.76676809447219,3.59144038752519
MTDH,3.78525720920556,3.77241090399655,4.00739315851967,3.69969761946109,3.65577518924551,3.97979354075036,3.73860466530517,3.70091397896432
MSI2,3.49633879947591,3.34197789350891,3.42828871442056,3.5451112067111,3.46283327223351,3.59219586148997,3.41279793959538,3.36232090374056
COL27A1,3.73834747465067,3.38205992928991,3.6245013540344,3.64667647160854,3.50112885336006,3.71007308682858,3.71720875733758,3.69099161659304
SULT1A3,3.69387154315453,3.79370854528693,3.88994890719726,3.8024635898759,3.74610992734163,3.76436939154087,3.73946949387049,3.66606791569008
ADRM1,3.62994041876168,3.79316285778887,3.8356477105352,3.79228842721218,3.78113306237377,3.37245041187983,3.67121099228179,3.62136024652101
LAMB1,2.81150596900774,2.81168959623998,2.9235740192187,2.89120784862173,2.40518408851167,2.66643747885849,2.7188627588057,2.63435230435097
SYF2,3.44411602686899,3.63139546628662,3.73978643286861,3.56576697100741,3.88378795821206,3.83706684551473,3.54920355563081,3.76094249597085
LSG1,3.38968975810097,3.65131630389953,3.39004742769325,3.63682767656507,3.63299704080471,3.43331594704664,3.6792782300286,3.53205780326065
SLC15A2,3.37248854349302,3.18819166668455,2.8703161010232,3.25575068950596,3.85250280569731,3.48703764142708,3.10552244702929,3.41639383790474
EFEMP2,3.7047503900281,3.72962290691802,3.46038043871411,3.6637219330528,3.19764548786808,3.14955502192125,3.64227928728985,3.01779644213938
FBXO21,4.05694370752552,4.18241904671917,3.96014824290084,4.03518786688452,4.09264451369619,4.05917067147645,4.01656806098313,4.10440529782228
SSR1,4.14479350985927,4.02224471611631,4.11403865278497,4.19800149488381,4.21074390931342,3.95101352310411,4.18046041693562,4.20417836419609
ARPC2,3.76413292504133,3.85863012183461,3.95189601006734,3.77137380835039,3.63595357615159,4.08934528768148,3.8197710253341,3.77343733373073
CD300A,3.17655165661512,3.04996150297818,3.08197452902324,3.10002193562004,2.96708582453142,3.34430206469376,3.27142708719651,3.45159226402527
